feature_id,code,category_fr,category_en,classification,latitude,longitude,confidence,code_agreement,state,etat,position_edited,auto_latitude,auto_longitude,n_detections,min_distance_m,frames
F0001,ARB,Arbres,Trees,direct_category,49.33291671,5.97787211,medium,1.0,,,False,49.33291671,5.97787211,1,7.27,36351
F0002,ARB,Arbres,Trees,direct_category,49.33292232,5.97794644,medium,1.0,,,False,49.33292232,5.97794644,1,7.0,36285
F0003,ARB,Arbres,Trees,direct_category,49.33293937,5.97765065,medium,1.0,,,False,49.33293937,5.97765065,1,3.65,36414
F0004,ARB,Arbres,Trees,direct_category,49.33294308,5.97789787,medium,1.0,,,False,49.33294308,5.97789787,2,4.19,36285 36318
F0005,ARB,Arbres,Trees,direct_category,49.33294376,5.97770999,medium,1.0,,,False,49.33294376,5.97770999,1,2.85,36414
F0006,ARB,Arbres,Trees,direct_category,49.33294381,5.97783045,medium,1.0,,,False,49.33294381,5.97783045,2,4.19,36285 36318
F0007,ARB,Arbres,Trees,direct_category,49.33294394,5.97758837,medium,1.0,,,False,49.33294394,5.97758837,2,3.65,36414 36444
F0008,ARB,Arbres,Trees,direct_category,49.33294651,5.97799445,medium,1.0,,,False,49.33294651,5.97799445,2,6.75,36219 36285
F0009,ARB,Arbres,Trees,direct_category,49.33295101,5.97777205,medium,1.0,,,False,49.33295101,5.97777205,2,1.55,36351 36384
F0010,ARB,Arbres,Trees,direct_category,49.33295327,5.97748017,medium,1.0,,,False,49.33295327,5.97748017,3,1.53,36473 36503 36536
F0011,ARB,Arbres,Trees,direct_category,49.33295453,5.97753716,medium,1.0,,,False,49.33295453,5.97753716,1,6.59,36444
F0012,ARB,Arbres,Trees,direct_category,49.33295573,5.97741892,medium,1.0,,,False,49.33295573,5.97741892,2,1.53,36536 36569
F0013,ARB,Arbres,Trees,direct_category,49.33296131,5.97737395,medium,1.0,,,False,49.33296131,5.97737395,2,1.56,36536 36569
F0014,ARB,Arbres,Trees,direct_category,49.33296201,5.97730542,medium,1.0,,,False,49.33296201,5.97730542,3,1.53,36569 36602 36638
F0015,ARB,Arbres,Trees,direct_category,49.33296958,5.97725131,medium,1.0,,,False,49.33296958,5.97725131,2,1.53,36638 36671
F0016,ARB,Arbres,Trees,direct_category,49.33297146,5.97712464,medium,1.0,,,False,49.33297146,5.97712464,1,3.65,36698
F0017,ARB,Arbres,Trees,direct_category,49.33297345,5.9780499,medium,1.0,,,False,49.33297345,5.9780499,1,9.26,36185
F0018,ARB,Arbres,Trees,direct_category,49.33297733,5.97719506,medium,1.0,,,False,49.33297733,5.97719506,2,1.53,36671 36698
F0019,ARB,Arbres,Trees,direct_category,49.33298144,5.97752575,medium,1.0,,,False,49.33298144,5.97752575,2,2.4,36473 36503
F0020,ARB,Arbres,Trees,direct_category,49.33298345,5.97775366,medium,1.0,,,False,49.33298345,5.97775366,2,2.66,36351 36384
F0021,ARB,Arbres,Trees,direct_category,49.33298478,5.97758215,medium,1.0,,,False,49.33298478,5.97758215,2,2.57,36444 36473
F0022,ARB,Arbres,Trees,direct_category,49.33298508,5.97796947,medium,1.0,,,False,49.33298508,5.97796947,2,4.57,36185 36285
F0023,ARB,Arbres,Trees,direct_category,49.33298544,5.97769829,medium,1.0,,,False,49.33298544,5.97769829,2,2.72,36384 36414
F0024,ARB,Arbres,Trees,direct_category,49.33298821,5.97708978,medium,1.0,,,False,49.33298821,5.97708978,1,1.53,36725
F0025,ARB,Arbres,Trees,direct_category,49.33298827,5.97780888,medium,1.0,,,False,49.33298827,5.97780888,2,3.22,36318 36351
F0026,ARB,Arbres,Trees,direct_category,49.33298874,5.97764063,medium,1.0,,,False,49.33298874,5.97764063,2,2.99,36414 36444
F0027,ARB,Arbres,Trees,direct_category,49.33298898,5.97741716,medium,1.0,,,False,49.33298898,5.97741716,2,3.22,36536 36569
F0028,ARB,Arbres,Trees,direct_category,49.33299205,5.97729168,medium,1.0,,,False,49.33299205,5.97729168,2,4.23,36569 36602
F0029,ARB,Arbres,Trees,direct_category,49.33299338,5.97714379,medium,1.0,,,False,49.33299338,5.97714379,2,1.53,36671 36698
F0030,ARB,Arbres,Trees,direct_category,49.33299476,5.97703115,medium,1.0,,,False,49.33299476,5.97703115,2,1.53,36698 36752
F0031,ARB,Arbres,Trees,direct_category,49.33299669,5.97729674,medium,1.0,,,False,49.33299669,5.97729674,1,7.66,36569
F0032,ARB,Arbres,Trees,direct_category,49.33299826,5.97735747,medium,1.0,,,False,49.33299826,5.97735747,1,4.19,36569
F0033,ARB,Arbres,Trees,direct_category,49.33299887,5.97790267,medium,1.0,,,False,49.33299887,5.97790267,2,4.19,36219 36252
F0034,ARB,Arbres,Trees,direct_category,49.33300034,5.9778596,medium,1.0,,,False,49.33300034,5.9778596,2,4.06,36285 36318
F0035,ARB,Arbres,Trees,direct_category,49.3330038,5.97696167,medium,1.0,,,False,49.3330038,5.97696167,2,1.92,36752 36779
F0036,ARB,Arbres,Trees,direct_category,49.33300767,5.97724721,medium,1.0,,,False,49.33300767,5.97724721,2,3.22,36638 36671
F0037,ARB,Arbres,Trees,direct_category,49.33301156,5.977187,medium,1.0,,,False,49.33301156,5.977187,2,2.79,36671 36698
F0038,ARB,Arbres,Trees,direct_category,49.33301663,5.97690725,medium,1.0,,,False,49.33301663,5.97690725,1,1.74,36806
F0039,ARB,Arbres,Trees,direct_category,49.33301814,5.97712502,medium,1.0,,,False,49.33301814,5.97712502,1,4.19,36698
F0040,ARB,Arbres,Trees,direct_category,49.33302433,5.97683649,medium,1.0,,,False,49.33302433,5.97683649,2,1.53,36833 36860
F0041,ARB,Arbres,Trees,direct_category,49.33303028,5.97804508,medium,1.0,,,False,49.33303028,5.97804508,2,2.59,36185 36219
F0042,ARB,Arbres,Trees,direct_category,49.33303414,5.97679546,medium,1.0,,,False,49.33303414,5.97679546,1,1.53,36860
F0043,ARB,Arbres,Trees,direct_category,49.33303856,5.97701797,medium,1.0,,,False,49.33303856,5.97701797,1,4.38,36752
F0044,ARB,Arbres,Trees,direct_category,49.33303886,5.97694879,medium,1.0,,,False,49.33303886,5.97694879,2,4.19,36752 36779
F0045,ARB,Arbres,Trees,direct_category,49.33304518,5.97672301,medium,1.0,,,False,49.33304518,5.97672301,3,1.53,36860 36884 36910
F0046,ARB,Arbres,Trees,direct_category,49.33305071,5.97798209,medium,1.0,,,False,49.33305071,5.97798209,3,2.97,36185 36219 36318
F0047,ARB,Arbres,Trees,direct_category,49.33305454,5.97690222,medium,1.0,,,False,49.33305454,5.97690222,1,4.19,36806
F0048,ARB,Arbres,Trees,direct_category,49.33305649,5.97666649,medium,1.0,,,False,49.33305649,5.97666649,3,1.53,36884 36910 36938
F0049,ARB,Arbres,Trees,direct_category,49.33306018,5.97683745,medium,1.0,,,False,49.33306018,5.97683745,1,4.23,36833
F0050,ARB,Arbres,Trees,direct_category,49.33306475,5.97661452,medium,1.0,,,False,49.33306475,5.97661452,3,2.15,36910 36938 36962
F0051,ARB,Arbres,Trees,direct_category,49.33306592,5.97806534,medium,1.0,,,False,49.33306592,5.97806534,2,1.53,36153 36185
F0052,ARB,Arbres,Trees,direct_category,49.33307192,5.97678607,medium,1.0,,,False,49.33307192,5.97678607,1,4.19,36860
F0053,ARB,Arbres,Trees,direct_category,49.33308348,5.97801606,medium,1.0,,,False,49.33308348,5.97801606,2,3.65,36153 36185
F0054,ARB,Arbres,Trees,direct_category,49.33308852,5.97666551,medium,1.0,,,False,49.33308852,5.97666551,1,4.19,36910
F0055,ARB,Arbres,Trees,direct_category,49.33309059,5.97671504,medium,1.0,,,False,49.33309059,5.97671504,1,5.65,36884
F0056,ARB,Arbres,Trees,direct_category,49.33309203,5.97654257,medium,1.0,,,False,49.33309203,5.97654257,1,1.53,36986
F0057,ARB,Arbres,Trees,direct_category,49.33309826,5.97809679,medium,1.0,,,False,49.33309826,5.97809679,2,1.53,36123 36153
F0058,ARB,Arbres,Trees,direct_category,49.33310512,5.97662307,medium,1.0,,,False,49.33310512,5.97662307,2,2.59,36938 36962
F0059,ARB,Arbres,Trees,direct_category,49.333111,5.97649191,medium,1.0,,,False,49.333111,5.97649191,1,1.53,37013
F0060,ARB,Arbres,Trees,direct_category,49.33311109,5.97805029,medium,1.0,,,False,49.33311109,5.97805029,3,2.79,36090 36123 36153
F0061,ARB,Arbres,Trees,direct_category,49.33311989,5.97646754,medium,1.0,,,False,49.33311989,5.97646754,1,1.53,37013
F0062,ARB,Arbres,Trees,direct_category,49.33312441,5.97656228,medium,1.0,,,False,49.33312441,5.97656228,2,4.19,36938 36962
F0063,ARB,Arbres,Trees,direct_category,49.33313244,5.978124,medium,1.0,,,False,49.33313244,5.978124,2,1.53,36090 36123
F0064,ARB,Arbres,Trees,direct_category,49.33313966,5.97651385,medium,1.0,,,False,49.33313966,5.97651385,1,4.19,36986
F0065,ARB,Arbres,Trees,direct_category,49.33315521,5.97640492,medium,1.0,,,False,49.33315521,5.97640492,3,2.4,37013 37043 37079
F0066,ARB,Arbres,Trees,direct_category,49.3331581,5.97646122,medium,1.0,,,False,49.3331581,5.97646122,1,4.19,37013
F0067,ARB,Arbres,Trees,direct_category,49.33316562,5.97809897,medium,1.0,,,False,49.33316562,5.97809897,1,4.19,36056
F0068,ARB,Arbres,Trees,direct_category,49.33317691,5.97815771,medium,1.0,,,False,49.33317691,5.97815771,2,1.56,36027 36056
F0069,ARB,Arbres,Trees,direct_category,49.33317901,5.97637907,medium,1.0,,,False,49.33317901,5.97637907,2,1.56,37079 37121
F0070,ARB,Arbres,Trees,direct_category,49.3331846,5.97647422,medium,1.0,,,False,49.3331846,5.97647422,1,4.26,37043
F0071,ARB,Arbres,Trees,direct_category,49.33319319,5.97630001,medium,1.0,,,False,49.33319319,5.97630001,2,3.65,37121 37151
F0072,ARB,Arbres,Trees,direct_category,49.33320827,5.97811108,medium,1.0,,,False,49.33320827,5.97811108,1,4.16,36027
F0073,ARB,Arbres,Trees,direct_category,49.33321167,5.97226151,medium,1.0,,,False,49.33321167,5.97226151,1,8.45,44508
F0074,ARB,Arbres,Trees,direct_category,49.33321274,5.9781732,medium,1.0,,,False,49.33321274,5.9781732,2,1.56,35967 36027
F0075,ARB,Arbres,Trees,direct_category,49.33321429,5.97640662,medium,1.0,,,False,49.33321429,5.97640662,2,4.19,37043 37079
F0076,ARB,Arbres,Trees,direct_category,49.33321752,5.97231884,medium,1.0,,,False,49.33321752,5.97231884,2,9.89,44422 44458
F0077,ARB,Arbres,Trees,direct_category,49.3332237,5.97626098,medium,1.0,,,False,49.3332237,5.97626098,2,3.65,37151 37190
F0078,ARB,Arbres,Trees,direct_category,49.3332265,5.97635105,medium,1.0,,,False,49.3332265,5.97635105,2,2.79,37121 37151
F0079,ARB,Arbres,Trees,direct_category,49.33322989,5.9762106,medium,1.0,,,False,49.33322989,5.9762106,1,6.37,37217
F0080,ARB,Arbres,Trees,direct_category,49.33323847,5.97813786,medium,1.0,,,False,49.33323847,5.97813786,1,4.19,35997
F0081,ARB,Arbres,Trees,direct_category,49.3332464,5.97819452,medium,1.0,,,False,49.3332464,5.97819452,2,1.53,35967 35997
F0082,ARB,Arbres,Trees,direct_category,49.33325036,5.97233698,medium,1.0,,,False,49.33325036,5.97233698,2,9.56,44389 44422
F0083,ARB,Arbres,Trees,direct_category,49.33325225,5.97612327,medium,1.0,,,False,49.33325225,5.97612327,1,11.87,37262
F0084,ARB,Arbres,Trees,direct_category,49.33325553,5.97631061,medium,1.0,,,False,49.33325553,5.97631061,2,2.59,37151 37190
F0085,ARB,Arbres,Trees,direct_category,49.33325906,5.97226679,medium,1.0,,,False,49.33325906,5.97226679,1,10.05,44458
F0086,ARB,Arbres,Trees,direct_category,49.33327842,5.97618845,medium,1.0,,,False,49.33327842,5.97618845,3,4.19,37190 37217 37241
F0087,ARB,Arbres,Trees,direct_category,49.33328118,5.9781569,medium,1.0,,,False,49.33328118,5.9781569,1,4.19,35967
F0088,ARB,Arbres,Trees,direct_category,49.33328453,5.97822103,medium,1.0,,,False,49.33328453,5.97822103,3,1.56,35913 35940 35967
F0089,ARB,Arbres,Trees,direct_category,49.33330452,5.97230873,medium,1.0,,,False,49.33330452,5.97230873,1,12.63,44389
F0090,ARB,Arbres,Trees,direct_category,49.33331397,5.97818467,medium,1.0,,,False,49.33331397,5.97818467,1,4.16,35940
F0091,ARB,Arbres,Trees,direct_category,49.33331435,5.9762638,medium,1.0,,,False,49.33331435,5.9762638,3,3.65,37190 37217 37241
F0092,ARB,Arbres,Trees,direct_category,49.33331671,5.97237508,medium,1.0,,,False,49.33331671,5.97237508,1,5.21,44422
F0093,ARB,Arbres,Trees,direct_category,49.33331757,5.97824776,medium,1.0,,,False,49.33331757,5.97824776,1,1.56,35940
F0094,ARB,Arbres,Trees,direct_category,49.33332983,5.97611643,medium,1.0,,,False,49.33332983,5.97611643,1,7.37,37241
F0095,ARB,Arbres,Trees,direct_category,49.33335037,5.97622583,medium,1.0,,,False,49.33335037,5.97622583,2,2.79,37241 37262
F0096,ARB,Arbres,Trees,direct_category,49.33335063,5.97821051,medium,1.0,,,False,49.33335063,5.97821051,1,4.19,35913
F0097,ARB,Arbres,Trees,direct_category,49.33335124,5.97236535,medium,1.0,,,False,49.33335124,5.97236535,1,14.46,44323
F0098,ARB,Arbres,Trees,direct_category,49.33335165,5.97827658,medium,1.0,,,False,49.33335165,5.97827658,1,1.57,35913
F0099,ARB,Arbres,Trees,direct_category,49.33336831,5.97609318,medium,1.0,,,False,49.33336831,5.97609318,1,7.27,37262
F0100,ARB,Arbres,Trees,direct_category,49.33338716,5.9761984,medium,1.0,,,False,49.33338716,5.9761984,1,4.19,37262
F0101,ARB,Arbres,Trees,direct_category,49.33339266,5.97823908,medium,1.0,,,False,49.33339266,5.97823908,1,4.19,35886
F0102,ARB,Arbres,Trees,direct_category,49.33339666,5.97254668,medium,1.0,,,False,49.33339666,5.97254668,2,12.9,44191 44224
F0103,ARB,Arbres,Trees,direct_category,49.33340852,5.97600067,medium,1.0,,,False,49.33340852,5.97600067,1,12.11,37286
F0104,ARB,Arbres,Trees,direct_category,49.33341889,5.97827288,medium,1.0,,,False,49.33341889,5.97827288,1,4.19,35859
F0105,ARB,Arbres,Trees,direct_category,49.33342226,5.97616897,medium,1.0,,,False,49.33342226,5.97616897,1,4.19,37286
F0106,ARB,Arbres,Trees,direct_category,49.33342584,5.97238391,medium,1.0,,,False,49.33342584,5.97238391,1,13.48,44323
F0107,ARB,Arbres,Trees,direct_category,49.33343336,5.97836381,medium,1.0,,,False,49.33343336,5.97836381,1,6.52,35799
F0108,ARB,Arbres,Trees,direct_category,49.3334453,5.9783122,medium,1.0,,,False,49.3334453,5.9783122,1,4.19,35829
F0109,ARB,Arbres,Trees,direct_category,49.33344704,5.97605985,medium,1.0,,,False,49.33344704,5.97605985,2,4.61,37310 37334
F0110,ARB,Arbres,Trees,direct_category,49.33345564,5.97614917,medium,1.0,,,False,49.33345564,5.97614917,2,2.4,37310 37334
F0111,ARB,Arbres,Trees,direct_category,49.33347177,5.9783526,medium,1.0,,,False,49.33347177,5.9783526,1,4.19,35799
F0112,ARB,Arbres,Trees,direct_category,49.33347207,5.97841581,medium,1.0,,,False,49.33347207,5.97841581,1,1.56,35799
F0113,ARB,Arbres,Trees,direct_category,49.33347261,5.97602029,medium,1.0,,,False,49.33347261,5.97602029,2,4.16,37358 37382
F0114,ARB,Arbres,Trees,direct_category,49.33348743,5.9784511,medium,1.0,,,False,49.33348743,5.9784511,1,3.22,35799
F0115,ARB,Arbres,Trees,direct_category,49.33348977,5.97610884,medium,1.0,,,False,49.33348977,5.97610884,1,3.99,37334
F0116,ARB,Arbres,Trees,direct_category,49.33349332,5.97586426,medium,1.0,,,False,49.33349332,5.97586426,1,11.87,37451
F0117,ARB,Arbres,Trees,direct_category,49.33350209,5.97839504,medium,1.0,,,False,49.33350209,5.97839504,2,4.19,35739 35768
F0118,ARB,Arbres,Trees,direct_category,49.33350906,5.97602503,medium,1.0,,,False,49.33350906,5.97602503,1,8.71,37334
F0119,ARB,Arbres,Trees,direct_category,49.33352159,5.97846408,medium,1.0,,,False,49.33352159,5.97846408,1,6.92,35712
F0120,ARB,Arbres,Trees,direct_category,49.33352456,5.97848558,medium,1.0,,,False,49.33352456,5.97848558,4,1.53,35685 35712 35739 35768
F0121,ARB,Arbres,Trees,direct_category,49.3335248,5.97607977,medium,1.0,,,False,49.3335248,5.97607977,1,4.19,37358
F0122,ARB,Arbres,Trees,direct_category,49.33353125,5.975986,medium,1.0,,,False,49.33353125,5.975986,2,1.53,37358 37406
F0123,ARB,Arbres,Trees,direct_category,49.33354445,5.97843026,medium,1.0,,,False,49.33354445,5.97843026,2,4.19,35712 35739
F0124,ARB,Arbres,Trees,direct_category,49.33355274,5.97853213,medium,1.0,,,False,49.33355274,5.97853213,1,1.95,35712
F0125,ARB,Arbres,Trees,direct_category,49.3335541,5.97603296,medium,1.0,,,False,49.3335541,5.97603296,1,4.19,37382
F0126,ARB,Arbres,Trees,direct_category,49.33357603,5.97855692,medium,1.0,,,False,49.33357603,5.97855692,3,1.53,35652 35685 35712
F0127,ARB,Arbres,Trees,direct_category,49.33358237,5.97598736,medium,1.0,,,False,49.33358237,5.97598736,1,4.19,37406
F0128,ARB,Arbres,Trees,direct_category,49.33358947,5.97850576,medium,1.0,,,False,49.33358947,5.97850576,1,4.19,35685
F0129,ARB,Arbres,Trees,direct_category,49.33359159,5.9786202,medium,1.0,,,False,49.33359159,5.9786202,2,1.87,35625 35652
F0130,ARB,Arbres,Trees,direct_category,49.33360653,5.97593838,medium,1.0,,,False,49.33360653,5.97593838,1,4.19,37427
F0131,ARB,Arbres,Trees,direct_category,49.33360717,5.97855991,medium,1.0,,,False,49.33360717,5.97855991,1,4.19,35652
F0132,ARB,Arbres,Trees,direct_category,49.33362413,5.97860341,medium,1.0,,,False,49.33362413,5.97860341,1,4.19,35625
F0133,ARB,Arbres,Trees,direct_category,49.33363278,5.97590326,medium,1.0,,,False,49.33363278,5.97590326,1,3.99,37451
F0134,ARB,Arbres,Trees,direct_category,49.33363333,5.97868163,medium,1.0,,,False,49.33363333,5.97868163,1,1.62,35625
F0135,ARB,Arbres,Trees,direct_category,49.33364229,5.97581532,medium,1.0,,,False,49.33364229,5.97581532,1,4.19,37472
F0136,ARB,Arbres,Trees,direct_category,49.33366047,5.97876689,medium,1.0,,,False,49.33366047,5.97876689,3,2.52,35547 35571 35598
F0137,ARB,Arbres,Trees,direct_category,49.33366225,5.97585612,medium,1.0,,,False,49.33366225,5.97585612,1,4.19,37472
F0138,ARB,Arbres,Trees,direct_category,49.33366345,5.97879822,medium,1.0,,,False,49.33366345,5.97879822,1,3.8,35571
F0139,ARB,Arbres,Trees,direct_category,49.33367546,5.97880497,medium,1.0,,,False,49.33367546,5.97880497,1,3.8,35571
F0140,ARB,Arbres,Trees,direct_category,49.33368043,5.97879206,medium,1.0,,,False,49.33368043,5.97879206,2,2.39,35547 35571
F0141,ARB,Arbres,Trees,direct_category,49.33368187,5.97580185,medium,1.0,,,False,49.33368187,5.97580185,1,4.19,37496
F0142,ARB,Arbres,Trees,direct_category,49.33368359,5.97880903,medium,1.0,,,False,49.33368359,5.97880903,1,4.06,35571
F0143,ARB,Arbres,Trees,direct_category,49.33369091,5.97876736,medium,1.0,,,False,49.33369091,5.97876736,2,1.53,35523 35571
F0144,ARB,Arbres,Trees,direct_category,49.3336964,5.97309074,medium,1.0,,,False,49.3336964,5.97309074,3,11.87,43879 43918 43954
F0145,ARB,Arbres,Trees,direct_category,49.33370584,5.97576354,medium,1.0,,,False,49.33370584,5.97576354,1,4.19,37519
F0146,ARB,Arbres,Trees,direct_category,49.3337068,5.9787392,medium,1.0,,,False,49.3337068,5.9787392,2,3.22,35547 35571
F0147,ARB,Arbres,Trees,direct_category,49.33370896,5.97883966,medium,1.0,,,False,49.33370896,5.97883966,4,1.95,35497 35523 35547 35571
F0148,ARB,Arbres,Trees,direct_category,49.33371316,5.97883631,medium,1.0,,,False,49.33371316,5.97883631,1,7.0,35571
F0149,ARB,Arbres,Trees,direct_category,49.33371849,5.97311865,medium,1.0,,,False,49.33371849,5.97311865,6,8.71,42563 43022 43169 43687 43753 43822
F0150,ARB,Arbres,Trees,direct_category,49.33372474,5.97571738,medium,1.0,,,False,49.33372474,5.97571738,1,3.99,37546
F0151,ARB,Arbres,Trees,direct_category,49.33372633,5.97878853,medium,1.0,,,False,49.33372633,5.97878853,2,3.99,35497 35523
F0152,ARB,Arbres,Trees,direct_category,49.33372871,5.97541869,medium,1.0,,,False,49.33372871,5.97541869,1,10.23,37741
F0153,ARB,Arbres,Trees,direct_category,49.33373544,5.97889798,medium,1.0,,,False,49.33373544,5.97889798,1,4.26,35523
F0154,ARB,Arbres,Trees,direct_category,49.33373664,5.97888281,medium,1.0,,,False,49.33373664,5.97888281,2,1.56,35497 35523
F0155,ARB,Arbres,Trees,direct_category,49.33374525,5.97565653,medium,1.0,,,False,49.33374525,5.97565653,1,4.19,37576
F0156,ARB,Arbres,Trees,direct_category,49.33374674,5.97897388,medium,1.0,,,False,49.33374674,5.97897388,1,6.37,35443
F0157,ARB,Arbres,Trees,direct_category,49.33375964,5.97883078,medium,1.0,,,False,49.33375964,5.97883078,1,4.16,35497
F0158,ARB,Arbres,Trees,direct_category,49.33376585,5.97561594,medium,1.0,,,False,49.33376585,5.97561594,1,4.02,37603
F0159,ARB,Arbres,Trees,direct_category,49.33376646,5.97550896,medium,1.0,,,False,49.33376646,5.97550896,1,1.53,37660
F0160,ARB,Arbres,Trees,direct_category,49.33376718,5.97892511,medium,1.0,,,False,49.33376718,5.97892511,1,1.53,35470
F0161,ARB,Arbres,Trees,direct_category,49.33377927,5.97546117,medium,1.0,,,False,49.33377927,5.97546117,1,1.57,37684
F0162,ARB,Arbres,Trees,direct_category,49.33378601,5.97556236,medium,1.0,,,False,49.33378601,5.97556236,1,4.19,37633
F0163,ARB,Arbres,Trees,direct_category,49.33378703,5.97887762,medium,1.0,,,False,49.33378703,5.97887762,1,3.99,35470
F0164,ARB,Arbres,Trees,direct_category,49.33379678,5.97541204,medium,1.0,,,False,49.33379678,5.97541204,1,1.53,37711
F0165,ARB,Arbres,Trees,direct_category,49.33379883,5.97891598,medium,1.0,,,False,49.33379883,5.97891598,1,4.19,35443
F0166,ARB,Arbres,Trees,direct_category,49.3338038,5.97899664,medium,1.0,,,False,49.3338038,5.97899664,3,1.53,35383 35413 35443
F0167,ARB,Arbres,Trees,direct_category,49.33380432,5.97551909,medium,1.0,,,False,49.33380432,5.97551909,1,4.19,37660
F0168,ARB,Arbres,Trees,direct_category,49.33381355,5.97535658,medium,1.0,,,False,49.33381355,5.97535658,1,1.56,37741
F0169,ARB,Arbres,Trees,direct_category,49.3338205,5.97546459,medium,1.0,,,False,49.3338205,5.97546459,1,4.19,37684
F0170,ARB,Arbres,Trees,direct_category,49.33382133,5.97905611,medium,1.0,,,False,49.33382133,5.97905611,3,2.4,35356 35383 35413
F0171,ARB,Arbres,Trees,direct_category,49.33382929,5.9753125,medium,1.0,,,False,49.33382929,5.9753125,1,1.56,37770
F0172,ARB,Arbres,Trees,direct_category,49.33383034,5.9754049,medium,1.0,,,False,49.33383034,5.9754049,2,4.23,37684 37711
F0173,ARB,Arbres,Trees,direct_category,49.33383099,5.97331414,medium,1.0,,,False,49.33383099,5.97331414,1,1.89,42489
F0174,ARB,Arbres,Trees,direct_category,49.33383269,5.97321966,medium,1.0,,,False,49.33383269,5.97321966,3,4.06,42563 43022 43169
F0175,ARB,Arbres,Trees,direct_category,49.33383744,5.97316567,medium,1.0,,,False,49.33383744,5.97316567,3,4.06,43022 43169 43879
F0176,ARB,Arbres,Trees,direct_category,49.3338406,5.97910679,medium,1.0,,,False,49.3338406,5.97910679,2,2.4,35356 35383
F0177,ARB,Arbres,Trees,direct_category,49.33384104,5.97896616,medium,1.0,,,False,49.33384104,5.97896616,1,4.19,35413
F0178,ARB,Arbres,Trees,direct_category,49.33384943,5.97525527,medium,1.0,,,False,49.33384943,5.97525527,2,1.56,37770 37804
F0179,ARB,Arbres,Trees,direct_category,49.33385131,5.97530154,medium,1.0,,,False,49.33385131,5.97530154,2,2.59,37770 37804
F0180,ARB,Arbres,Trees,direct_category,49.33385354,5.97901624,medium,1.0,,,False,49.33385354,5.97901624,1,4.02,35383
F0181,ARB,Arbres,Trees,direct_category,49.333854,5.97324417,medium,1.0,,,False,49.333854,5.97324417,5,5.11,42381 42489 42563 43687 43753
F0182,ARB,Arbres,Trees,direct_category,49.33385452,5.97335929,medium,1.0,,,False,49.33385452,5.97335929,3,1.95,42267 42381 42489
F0183,ARB,Arbres,Trees,direct_category,49.33385565,5.97536377,medium,1.0,,,False,49.33385565,5.97536377,2,3.65,37741 37770
F0184,ARB,Arbres,Trees,direct_category,49.33386506,5.97917724,medium,1.0,,,False,49.33386506,5.97917724,3,2.47,35302 35329 35356
F0185,ARB,Arbres,Trees,direct_category,49.33386538,5.97915528,medium,1.0,,,False,49.33386538,5.97915528,1,2.66,35329
F0186,ARB,Arbres,Trees,direct_category,49.33386897,5.97906346,medium,1.0,,,False,49.33386897,5.97906346,1,4.19,35356
F0187,ARB,Arbres,Trees,direct_category,49.33386959,5.97925756,medium,1.0,,,False,49.33386959,5.97925756,1,6.16,35275
F0188,ARB,Arbres,Trees,direct_category,49.33387662,5.97337835,medium,1.0,,,False,49.33387662,5.97337835,3,1.53,42216 42267 42381
F0189,ARB,Arbres,Trees,direct_category,49.33388236,5.97332811,medium,1.0,,,False,49.33388236,5.97332811,2,5.06,42267 43022
F0190,ARB,Arbres,Trees,direct_category,49.33388672,5.97509956,medium,1.0,,,False,49.33388672,5.97509956,1,1.56,37909
F0191,ARB,Arbres,Trees,direct_category,49.33388697,5.97357998,medium,1.0,,,False,49.33388697,5.97357998,1,12.11,42138
F0192,ARB,Arbres,Trees,direct_category,49.33388937,5.97526367,medium,1.0,,,False,49.33388937,5.97526367,2,4.19,37770 37804
F0193,ARB,Arbres,Trees,direct_category,49.33389181,5.97921317,medium,1.0,,,False,49.33389181,5.97921317,3,1.55,35275 35302 35329
F0194,ARB,Arbres,Trees,direct_category,49.33389681,5.97342478,medium,1.0,,,False,49.33389681,5.97342478,3,2.59,42138 42174 42267
F0195,ARB,Arbres,Trees,direct_category,49.33389763,5.9792438,medium,1.0,,,False,49.33389763,5.9792438,1,1.53,35302
F0196,ARB,Arbres,Trees,direct_category,49.33389879,5.97911638,medium,1.0,,,False,49.33389879,5.97911638,1,4.19,35329
F0197,ARB,Arbres,Trees,direct_category,49.33389881,5.97342482,medium,1.0,,,False,49.33389881,5.97342482,1,11.2,42138
F0198,ARB,Arbres,Trees,direct_category,49.3339023,5.97919914,medium,1.0,,,False,49.3339023,5.97919914,2,1.55,35302 35329
F0199,ARB,Arbres,Trees,direct_category,49.33390347,5.97520445,medium,1.0,,,False,49.33390347,5.97520445,2,3.24,37840 37873
F0200,ARB,Arbres,Trees,direct_category,49.33390416,5.97498913,medium,1.0,,,False,49.33390416,5.97498913,2,1.56,37948 37987
F0201,ARB,Arbres,Trees,direct_category,49.33390568,5.97929217,medium,1.0,,,False,49.33390568,5.97929217,1,2.12,35275
F0202,ARB,Arbres,Trees,direct_category,49.3339158,5.9791704,medium,1.0,,,False,49.3339158,5.9791704,1,4.19,35302
F0203,ARB,Arbres,Trees,direct_category,49.33391617,5.97494173,medium,1.0,,,False,49.33391617,5.97494173,1,1.56,38026
F0204,ARB,Arbres,Trees,direct_category,49.33391668,5.97330921,medium,1.0,,,False,49.33391668,5.97330921,1,7.66,42489
F0205,ARB,Arbres,Trees,direct_category,49.33391761,5.97930634,medium,1.0,,,False,49.33391761,5.97930634,3,1.53,35221 35248 35275
F0206,ARB,Arbres,Trees,direct_category,49.33391786,5.97340504,medium,1.0,,,False,49.33391786,5.97340504,1,10.41,42138
F0207,ARB,Arbres,Trees,direct_category,49.33392606,5.97922222,medium,1.0,,,False,49.33392606,5.97922222,1,4.19,35275
F0208,ARB,Arbres,Trees,direct_category,49.33392698,5.97937171,medium,1.0,,,False,49.33392698,5.97937171,2,2.59,35221 35248
F0209,ARB,Arbres,Trees,direct_category,49.33392744,5.97940367,medium,1.0,,,False,49.33392744,5.97940367,1,2.81,35221
F0210,ARB,Arbres,Trees,direct_category,49.33392865,5.97350847,medium,1.0,,,False,49.33392865,5.97350847,1,6.22,42138
F0211,ARB,Arbres,Trees,direct_category,49.33392994,5.97512578,medium,1.0,,,False,49.33392994,5.97512578,1,6.37,37873
F0212,ARB,Arbres,Trees,direct_category,49.33393303,5.97944733,medium,1.0,,,False,49.33393303,5.97944733,1,4.78,35221
F0213,ARB,Arbres,Trees,direct_category,49.33393329,5.97337076,medium,1.0,,,False,49.33393329,5.97337076,2,4.06,42216 42381
F0214,ARB,Arbres,Trees,direct_category,49.33393368,5.97488757,medium,1.0,,,False,49.33393368,5.97488757,1,1.53,38070
F0215,ARB,Arbres,Trees,direct_category,49.33393394,5.97346901,medium,1.0,,,False,49.33393394,5.97346901,4,2.4,42104 42138 42174 42216
F0216,ARB,Arbres,Trees,direct_category,49.33393721,5.979424,medium,1.0,,,False,49.33393721,5.979424,2,2.79,35194 35221
F0217,ARB,Arbres,Trees,direct_category,49.33394116,5.97504597,medium,1.0,,,False,49.33394116,5.97504597,2,4.19,37909 37948
F0218,ARB,Arbres,Trees,direct_category,49.33394277,5.97497645,medium,1.0,,,False,49.33394277,5.97497645,1,4.19,37987
F0219,ARB,Arbres,Trees,direct_category,49.3339459,5.97927773,medium,1.0,,,False,49.3339459,5.97927773,2,2.68,35248 35275
F0220,ARB,Arbres,Trees,direct_category,49.33394601,5.97350071,medium,1.0,,,False,49.33394601,5.97350071,2,2.5,42138 42174
F0221,ARB,Arbres,Trees,direct_category,49.33394774,5.97339566,medium,1.0,,,False,49.33394774,5.97339566,4,3.8,42174 42216 42267 42489
F0222,ARB,Arbres,Trees,direct_category,49.33395151,5.97482277,medium,1.0,,,False,49.33395151,5.97482277,2,1.53,38119 38170
F0223,ARB,Arbres,Trees,direct_category,49.33395462,5.97492797,medium,1.0,,,False,49.33395462,5.97492797,2,2.79,38026 38070
F0224,ARB,Arbres,Trees,direct_category,49.3339556,5.97947111,medium,1.0,,,False,49.3339556,5.97947111,2,2.57,35167 35194
F0225,ARB,Arbres,Trees,direct_category,49.3339561,5.97478394,medium,1.0,,,False,49.3339561,5.97478394,1,1.53,38170
F0226,ARB,Arbres,Trees,direct_category,49.33395986,5.97949041,medium,1.0,,,False,49.33395986,5.97949041,1,3.77,35194
F0227,ARB,Arbres,Trees,direct_category,49.33396031,5.97933461,medium,1.0,,,False,49.33396031,5.97933461,2,2.81,35221 35248
F0228,ARB,Arbres,Trees,direct_category,49.3339672,5.97488284,medium,1.0,,,False,49.3339672,5.97488284,2,2.79,38070 38119
F0229,ARB,Arbres,Trees,direct_category,49.33397041,5.97474488,medium,1.0,,,False,49.33397041,5.97474488,1,1.53,38221
F0230,ARB,Arbres,Trees,direct_category,49.33397241,5.9795287,medium,1.0,,,False,49.33397241,5.9795287,3,2.4,35140 35167 35221
F0231,ARB,Arbres,Trees,direct_category,49.33397332,5.97345241,medium,1.0,,,False,49.33397332,5.97345241,1,8.1,42104
F0232,ARB,Arbres,Trees,direct_category,49.33397548,5.97354035,medium,1.0,,,False,49.33397548,5.97354035,1,4.19,42104
F0233,ARB,Arbres,Trees,direct_category,49.33397835,5.9793908,medium,1.0,,,False,49.33397835,5.9793908,3,3.22,35167 35194 35221
F0234,ARB,Arbres,Trees,direct_category,49.33398011,5.97358344,medium,1.0,,,False,49.33398011,5.97358344,1,5.65,42138
F0235,ARB,Arbres,Trees,direct_category,49.33398403,5.97349309,medium,1.0,,,False,49.33398403,5.97349309,1,13.48,42039
F0236,ARB,Arbres,Trees,direct_category,49.33398638,5.97958428,medium,1.0,,,False,49.33398638,5.97958428,3,2.49,35113 35140 35194
F0237,ARB,Arbres,Trees,direct_category,49.33398964,5.97348582,medium,1.0,,,False,49.33398964,5.97348582,1,13.48,42039
F0238,ARB,Arbres,Trees,direct_category,49.33398989,5.97473312,medium,1.0,,,False,49.33398989,5.97473312,3,1.53,38170 38221 38266
F0239,ARB,Arbres,Trees,direct_category,49.3339901,5.9748189,medium,1.0,,,False,49.3339901,5.9748189,2,2.79,38119 38170
F0240,ARB,Arbres,Trees,direct_category,49.33399017,5.9734266,medium,1.0,,,False,49.33399017,5.9734266,4,4.97,42072 42104 42138 42174
F0241,ARB,Arbres,Trees,direct_category,49.33399898,5.97962694,medium,1.0,,,False,49.33399898,5.97962694,2,2.49,35083 35113
F0242,ARB,Arbres,Trees,direct_category,49.33400311,5.97464843,medium,1.0,,,False,49.33400311,5.97464843,1,1.53,38311
F0243,ARB,Arbres,Trees,direct_category,49.33400548,5.97949376,medium,1.0,,,False,49.33400548,5.97949376,2,2.79,35140 35167
F0244,ARB,Arbres,Trees,direct_category,49.33400931,5.97439624,medium,1.0,,,False,49.33400931,5.97439624,1,9.41,39845
F0245,ARB,Arbres,Trees,direct_category,49.33400948,5.97359089,medium,1.0,,,False,49.33400948,5.97359089,3,3.22,42072 42104 42174
F0246,ARB,Arbres,Trees,direct_category,49.33401179,5.97462736,medium,1.0,,,False,49.33401179,5.97462736,1,1.57,38311
F0247,ARB,Arbres,Trees,direct_category,49.3340123,5.97412028,medium,1.0,,,False,49.3340123,5.97412028,1,7.27,41452
F0248,ARB,Arbres,Trees,direct_category,49.33401883,5.97954452,medium,1.0,,,False,49.33401883,5.97954452,2,2.77,35113 35140
F0249,ARB,Arbres,Trees,direct_category,49.33402128,5.97475319,medium,1.0,,,False,49.33402128,5.97475319,1,4.19,38221
F0250,ARB,Arbres,Trees,direct_category,49.33402664,5.9740729,medium,1.0,,,False,49.33402664,5.9740729,1,8.33,41452
F0251,ARB,Arbres,Trees,direct_category,49.33402954,5.9796926,medium,1.0,,,False,49.33402954,5.9796926,3,1.53,34996 35053 35083
F0252,ARB,Arbres,Trees,direct_category,49.33403131,5.97427797,medium,1.0,,,False,49.33403131,5.97427797,1,6.75,39845
F0253,ARB,Arbres,Trees,direct_category,49.33403184,5.97457981,medium,1.0,,,False,49.33403184,5.97457981,1,1.56,38352
F0254,ARB,Arbres,Trees,direct_category,49.3340354,5.97959806,medium,1.0,,,False,49.3340354,5.97959806,2,2.68,35083 35113
F0255,ARB,Arbres,Trees,direct_category,49.33403849,5.97417112,medium,1.0,,,False,49.33403849,5.97417112,2,4.19,40028 41452
F0256,ARB,Arbres,Trees,direct_category,49.33403864,5.97470157,medium,1.0,,,False,49.33403864,5.97470157,2,3.99,38266 38311
F0257,ARB,Arbres,Trees,direct_category,49.33403913,5.97973055,medium,1.0,,,False,49.33403913,5.97973055,2,2.07,35023 35053
F0258,ARB,Arbres,Trees,direct_category,49.33403913,5.97343386,medium,1.0,,,False,49.33403913,5.97343386,2,7.98,42104 42138
F0259,ARB,Arbres,Trees,direct_category,49.33403988,5.97354047,medium,1.0,,,False,49.33403988,5.97354047,3,7.27,41969 42006 42039
F0260,ARB,Arbres,Trees,direct_category,49.33403992,5.97362872,medium,1.0,,,False,49.33403992,5.97362872,2,2.49,42039 42072
F0261,ARB,Arbres,Trees,direct_category,49.33404744,5.97452954,medium,1.0,,,False,49.33404744,5.97452954,1,1.56,38389
F0262,ARB,Arbres,Trees,direct_category,49.33405024,5.97980193,medium,1.0,,,False,49.33405024,5.97980193,1,7.0,34969
F0263,ARB,Arbres,Trees,direct_category,49.33405465,5.9796438,medium,1.0,,,False,49.33405465,5.9796438,1,4.19,35053
F0264,ARB,Arbres,Trees,direct_category,49.33405578,5.97462961,medium,1.0,,,False,49.33405578,5.97462961,2,2.99,38311 38352
F0265,ARB,Arbres,Trees,direct_category,49.33406145,5.97447724,medium,1.0,,,False,49.33406145,5.97447724,3,1.55,38422 38505 39845
F0266,ARB,Arbres,Trees,direct_category,49.33406166,5.97365589,medium,1.0,,,False,49.33406166,5.97365589,2,1.53,42006 42039
F0267,ARB,Arbres,Trees,direct_category,49.33406749,5.97440502,medium,1.0,,,False,49.33406749,5.97440502,2,1.55,38458 38505
F0268,ARB,Arbres,Trees,direct_category,49.33406751,5.97425685,medium,1.0,,,False,49.33406751,5.97425685,4,1.53,38505 39914 40028 41452
F0269,ARB,Arbres,Trees,direct_category,49.33406862,5.97428701,medium,1.0,,,False,49.33406862,5.97428701,1,1.56,39914
F0270,ARB,Arbres,Trees,direct_category,49.33406888,5.97457177,medium,1.0,,,False,49.33406888,5.97457177,3,2.79,38311 38352 38389
F0271,ARB,Arbres,Trees,direct_category,49.33407125,5.97350419,medium,1.0,,,False,49.33407125,5.97350419,1,12.63,42006
F0272,ARB,Arbres,Trees,direct_category,49.33407182,5.97437161,medium,1.0,,,False,49.33407182,5.97437161,2,1.53,38458 38505
F0273,ARB,Arbres,Trees,direct_category,49.33407427,5.97416708,medium,1.0,,,False,49.33407427,5.97416708,3,7.56,39845 39914 41793
F0274,ARB,Arbres,Trees,direct_category,49.33407512,5.97370828,medium,1.0,,,False,49.33407512,5.97370828,2,2.49,41969 42006
F0275,ARB,Arbres,Trees,direct_category,49.33407611,5.97342813,medium,1.0,,,False,49.33407611,5.97342813,1,13.48,42174
F0276,ARB,Arbres,Trees,direct_category,49.3340773,5.97983884,medium,1.0,,,False,49.3340773,5.97983884,3,2.05,34942 34969 34996
F0277,ARB,Arbres,Trees,direct_category,49.33407982,5.97966853,medium,1.0,,,False,49.33407982,5.97966853,1,6.37,35023
F0278,ARB,Arbres,Trees,direct_category,49.33408037,5.97452613,medium,1.0,,,False,49.33408037,5.97452613,2,2.68,38389 38422
F0279,ARB,Arbres,Trees,direct_category,49.33408158,5.9741001,medium,1.0,,,False,49.33408158,5.9741001,2,5.16,40028 41452
F0280,ARB,Arbres,Trees,direct_category,49.33408191,5.97975478,medium,1.0,,,False,49.33408191,5.97975478,2,4.19,34969 34996
F0281,ARB,Arbres,Trees,direct_category,49.33409305,5.97398898,medium,1.0,,,False,49.33409305,5.97398898,3,2.4,41667 41706 41748
F0282,ARB,Arbres,Trees,direct_category,49.334094,5.97376104,medium,1.0,,,False,49.334094,5.97376104,2,2.55,41931 41969
F0283,ARB,Arbres,Trees,direct_category,49.33410196,5.97989824,medium,1.0,,,False,49.33410196,5.97989824,1,2.4,34942
F0284,ARB,Arbres,Trees,direct_category,49.33410234,5.97447692,medium,1.0,,,False,49.33410234,5.97447692,1,4.19,38422
F0285,ARB,Arbres,Trees,direct_category,49.33410369,5.97979919,medium,1.0,,,False,49.33410369,5.97979919,1,4.19,34969
F0286,ARB,Arbres,Trees,direct_category,49.33410482,5.97381508,medium,1.0,,,False,49.33410482,5.97381508,2,2.77,41886 41931
F0287,ARB,Arbres,Trees,direct_category,49.33410564,5.97421279,medium,1.0,,,False,49.33410564,5.97421279,2,5.31,39845 41452
F0288,ARB,Arbres,Trees,direct_category,49.33410568,5.97440974,medium,1.0,,,False,49.33410568,5.97440974,2,4.16,38422 38458
F0289,ARB,Arbres,Trees,direct_category,49.33410899,5.97429895,medium,1.0,,,False,49.33410899,5.97429895,3,3.22,38505 39845 39914
F0290,ARB,Arbres,Trees,direct_category,49.33410967,5.97391978,medium,1.0,,,False,49.33410967,5.97391978,2,2.08,41793 41838
F0291,ARB,Arbres,Trees,direct_category,49.33411423,5.97387984,medium,1.0,,,False,49.33411423,5.97387984,3,1.53,41706 41748 41838
F0292,ARB,Arbres,Trees,direct_category,49.33412317,5.97993991,medium,1.0,,,False,49.33412317,5.97993991,2,1.53,34915 34942
F0293,ARB,Arbres,Trees,direct_category,49.33412778,5.97402333,medium,1.0,,,False,49.33412778,5.97402333,1,8.33,41667
F0294,ARB,Arbres,Trees,direct_category,49.33412998,5.97985241,medium,1.0,,,False,49.33412998,5.97985241,1,4.19,34942
F0295,ARB,Arbres,Trees,direct_category,49.33413083,5.97415833,medium,1.0,,,False,49.33413083,5.97415833,1,8.33,41706
F0296,ARB,Arbres,Trees,direct_category,49.33413485,5.97997873,medium,1.0,,,False,49.33413485,5.97997873,1,1.53,34915
F0297,ARB,Arbres,Trees,direct_category,49.33413557,5.97395589,medium,1.0,,,False,49.33413557,5.97395589,1,8.84,41706
F0298,ARB,Arbres,Trees,direct_category,49.33414096,5.97373168,medium,1.0,,,False,49.33414096,5.97373168,1,7.56,41886
F0299,ARB,Arbres,Trees,direct_category,49.3341419,5.97398079,medium,1.0,,,False,49.3341419,5.97398079,3,3.65,41706 41748 41793
F0300,ARB,Arbres,Trees,direct_category,49.33414295,5.97410564,medium,1.0,,,False,49.33414295,5.97410564,2,8.1,40028 41667
F0301,ARB,Arbres,Trees,direct_category,49.33414532,5.97384315,medium,1.0,,,False,49.33414532,5.97384315,1,4.19,41838
F0302,ARB,Arbres,Trees,direct_category,49.33415336,5.97391375,medium,1.0,,,False,49.33415336,5.97391375,2,3.65,41793 41838
F0303,ARB,Arbres,Trees,direct_category,49.33415455,5.97990627,medium,1.0,,,False,49.33415455,5.97990627,1,4.19,34915
F0304,ARB,Arbres,Trees,direct_category,49.33415689,5.98004201,medium,1.0,,,False,49.33415689,5.98004201,2,1.69,34861 34888
F0305,ARB,Arbres,Trees,direct_category,49.33416011,5.97357777,medium,1.0,,,False,49.33416011,5.97357777,1,10.99,42006
F0306,ARB,Arbres,Trees,direct_category,49.33416276,5.97352152,medium,1.0,,,False,49.33416276,5.97352152,1,13.48,42039
F0307,ARB,Arbres,Trees,direct_category,49.33416574,5.97380353,medium,1.0,,,False,49.33416574,5.97380353,2,4.38,41886 41931
F0308,ARB,Arbres,Trees,direct_category,49.33416823,5.97996266,medium,1.0,,,False,49.33416823,5.97996266,2,2.77,34888 34915
F0309,ARB,Arbres,Trees,direct_category,49.33417192,5.97403235,medium,1.0,,,False,49.33417192,5.97403235,1,8.98,41706
F0310,ARB,Arbres,Trees,direct_category,49.33417703,5.98010209,medium,1.0,,,False,49.33417703,5.98010209,3,2.4,34807 34834 34861
F0311,ARB,Arbres,Trees,direct_category,49.33417868,5.97360894,medium,1.0,,,False,49.33417868,5.97360894,2,12.9,41931 41969
F0312,ARB,Arbres,Trees,direct_category,49.33418227,5.97368165,medium,1.0,,,False,49.33418227,5.97368165,1,12.63,41886
F0313,ARB,Arbres,Trees,direct_category,49.33418671,5.98001624,medium,1.0,,,False,49.33418671,5.98001624,2,2.68,34861 34888
F0314,ARB,Arbres,Trees,direct_category,49.33419803,5.98015276,medium,1.0,,,False,49.33419803,5.98015276,3,2.4,34780 34807 34834
F0315,ARB,Arbres,Trees,direct_category,49.33420519,5.98006324,medium,1.0,,,False,49.33420519,5.98006324,2,4.19,34807 34834
F0316,ARB,Arbres,Trees,direct_category,49.33422162,5.9740894,medium,1.0,,,False,49.33422162,5.9740894,1,14.46,41706
F0317,ARB,Arbres,Trees,direct_category,49.33422477,5.97374441,medium,1.0,,,False,49.33422477,5.97374441,1,13.48,41969
F0318,ARB,Arbres,Trees,direct_category,49.33422478,5.98021574,medium,1.0,,,False,49.33422478,5.98021574,3,1.53,34755 34780 34807
F0319,ARB,Arbres,Trees,direct_category,49.33424028,5.98026265,medium,1.0,,,False,49.33424028,5.98026265,2,2.08,34755 34780
F0320,ARB,Arbres,Trees,direct_category,49.33424461,5.9801598,medium,1.0,,,False,49.33424461,5.9801598,2,5.65,34755 34780
F0321,ARB,Arbres,Trees,direct_category,49.33424756,5.98008428,medium,1.0,,,False,49.33424756,5.98008428,1,6.83,34807
F0322,ARB,Arbres,Trees,direct_category,49.33425785,5.98030487,medium,1.0,,,False,49.33425785,5.98030487,2,2.57,34732 34755
F0323,ARB,Arbres,Trees,direct_category,49.33426767,5.98021147,medium,1.0,,,False,49.33426767,5.98021147,1,4.19,34755
F0324,ARB,Arbres,Trees,direct_category,49.33428485,5.98035234,medium,1.0,,,False,49.33428485,5.98035234,2,2.4,34705 34732
F0325,ARB,Arbres,Trees,direct_category,49.33428583,5.98025533,medium,1.0,,,False,49.33428583,5.98025533,1,4.19,34732
F0326,ARB,Arbres,Trees,direct_category,49.33430621,5.98041066,medium,1.0,,,False,49.33430621,5.98041066,2,3.22,34678 34705
F0327,ARB,Arbres,Trees,direct_category,49.33431029,5.98030389,medium,1.0,,,False,49.33431029,5.98030389,1,4.02,34705
F0328,ARB,Arbres,Trees,direct_category,49.33432724,5.98034207,medium,1.0,,,False,49.33432724,5.98034207,1,4.57,34678
F0329,ARB,Arbres,Trees,direct_category,49.33433132,5.98044058,medium,1.0,,,False,49.33433132,5.98044058,2,2.59,34651 34678
F0330,ARB,Arbres,Trees,direct_category,49.33435616,5.98039644,medium,1.0,,,False,49.33435616,5.98039644,2,4.19,34624 34651
F0331,ARB,Arbres,Trees,direct_category,49.33436314,5.98048099,medium,1.0,,,False,49.33436314,5.98048099,3,1.94,34597 34624 34651
F0332,ARB,Arbres,Trees,direct_category,49.33438424,5.98052147,medium,1.0,,,False,49.33438424,5.98052147,2,1.95,34597 34624
F0333,ARB,Arbres,Trees,direct_category,49.33438688,5.98043227,medium,1.0,,,False,49.33438688,5.98043227,1,4.19,34624
F0334,ARB,Arbres,Trees,direct_category,49.33441112,5.9804837,medium,1.0,,,False,49.33441112,5.9804837,2,2.79,34597 34624
F0335,ARB,Arbres,Trees,direct_category,49.33441571,5.98056398,medium,1.0,,,False,49.33441571,5.98056398,3,1.53,34546 34573 34597
F0336,ARB,Arbres,Trees,direct_category,49.33443345,5.98052237,medium,1.0,,,False,49.33443345,5.98052237,2,4.19,34546 34573
F0337,ARB,Arbres,Trees,direct_category,49.33443786,5.9806137,medium,1.0,,,False,49.33443786,5.9806137,2,2.08,34546 34573
F0338,ARB,Arbres,Trees,direct_category,49.33445662,5.98056846,medium,1.0,,,False,49.33445662,5.98056846,2,4.19,34519 34546
F0339,ARB,Arbres,Trees,direct_category,49.33446578,5.98066428,medium,1.0,,,False,49.33446578,5.98066428,1,2.33,34519
F0340,ARB,Arbres,Trees,direct_category,49.33448356,5.98061262,medium,1.0,,,False,49.33448356,5.98061262,2,4.19,34490 34519
F0341,ARB,Arbres,Trees,direct_category,49.3344982,5.98070639,medium,1.0,,,False,49.3344982,5.98070639,2,1.53,34459 34490
F0342,ARB,Arbres,Trees,direct_category,49.334512,5.98062966,medium,1.0,,,False,49.334512,5.98062966,1,5.65,34490
F0343,ARB,Arbres,Trees,direct_category,49.33452461,5.98075411,medium,1.0,,,False,49.33452461,5.98075411,1,1.56,34459
F0344,ARB,Arbres,Trees,direct_category,49.33458826,5.98077837,medium,1.0,,,False,49.33458826,5.98077837,1,4.16,34400
F0345,ARB,Arbres,Trees,direct_category,49.33460324,5.98087765,medium,1.0,,,False,49.33460324,5.98087765,1,1.53,34367
F0346,ARB,Arbres,Trees,direct_category,49.3346129,5.98082864,medium,1.0,,,False,49.3346129,5.98082864,1,2.49,34400
F0347,ARB,Arbres,Trees,direct_category,49.33463027,5.98092505,medium,1.0,,,False,49.33463027,5.98092505,1,1.53,34324
F0348,ARB,Arbres,Trees,direct_category,49.33463856,5.98087059,medium,1.0,,,False,49.33463856,5.98087059,2,2.7,34324 34367
F0349,ARB,Arbres,Trees,direct_category,49.33465837,5.98096022,medium,1.0,,,False,49.33465837,5.98096022,1,1.56,34274
F0350,ARB,Arbres,Trees,direct_category,49.33466423,5.98090759,medium,1.0,,,False,49.33466423,5.98090759,3,2.66,34226 34274 34324
F0351,ARB,Arbres,Trees,direct_category,49.33468625,5.9809967,medium,1.0,,,False,49.33468625,5.9809967,1,1.56,34226
F0352,ARB,Arbres,Trees,direct_category,49.33469552,5.98093942,medium,1.0,,,False,49.33469552,5.98093942,2,3.22,34226 34274
F0353,ARB,Arbres,Trees,direct_category,49.33471267,5.98103064,medium,1.0,,,False,49.33471267,5.98103064,2,1.8,34160 34190
F0354,ARB,Arbres,Trees,direct_category,49.33471876,5.98097249,medium,1.0,,,False,49.33471876,5.98097249,1,4.19,34190
F0355,ARB,Arbres,Trees,direct_category,49.33472064,5.98114509,medium,1.0,,,False,49.33472064,5.98114509,1,7.46,34160
F0356,ARB,Arbres,Trees,direct_category,49.33473767,5.98105694,medium,1.0,,,False,49.33473767,5.98105694,2,1.53,34160 34190
F0357,ARB,Arbres,Trees,direct_category,49.3347521,5.98096861,medium,1.0,,,False,49.3347521,5.98096861,1,6.75,34160
F0358,ARB,Arbres,Trees,direct_category,49.33476493,5.98110717,medium,1.0,,,False,49.33476493,5.98110717,2,3.89,34103 34160
F0359,ARB,Arbres,Trees,direct_category,49.33478139,5.98104033,medium,1.0,,,False,49.33478139,5.98104033,1,4.19,34130
F0360,ARB,Arbres,Trees,direct_category,49.33478957,5.98114622,medium,1.0,,,False,49.33478957,5.98114622,1,3.65,34130
F0361,ARB,Arbres,Trees,direct_category,49.3348114,5.9810726,medium,1.0,,,False,49.3348114,5.9810726,1,4.19,34103
F0362,ARB,Arbres,Trees,direct_category,49.33483464,5.98111783,medium,1.0,,,False,49.33483464,5.98111783,2,1.53,34073 34103
F0363,ARB,Arbres,Trees,direct_category,49.3348554,5.98119021,medium,1.0,,,False,49.3348554,5.98119021,3,1.56,34010 34043 34073
F0364,ARB,Arbres,Trees,direct_category,49.33488707,5.98121605,medium,1.0,,,False,49.33488707,5.98121605,2,1.56,33977 34043
F0365,ARB,Arbres,Trees,direct_category,49.33489056,5.98128029,medium,1.0,,,False,49.33489056,5.98128029,1,7.18,33977
F0366,ARB,Arbres,Trees,direct_category,49.33490705,5.98116888,medium,1.0,,,False,49.33490705,5.98116888,2,2.95,34010 34043
F0367,ARB,Arbres,Trees,direct_category,49.33492494,5.98132325,medium,1.0,,,False,49.33492494,5.98132325,1,7.18,34010
F0368,ARB,Arbres,Trees,direct_category,49.33493724,5.98126454,medium,1.0,,,False,49.33493724,5.98126454,2,9.89,33883 33917
F0369,ARB,Arbres,Trees,direct_category,49.33494421,5.9811981,medium,1.0,,,False,49.33494421,5.9811981,1,3.99,33977
F0370,ARB,Arbres,Trees,direct_category,49.33495469,5.98130503,medium,1.0,,,False,49.33495469,5.98130503,2,4.16,33947 33977
F0371,ARB,Arbres,Trees,direct_category,49.33496591,5.98122395,medium,1.0,,,False,49.33496591,5.98122395,1,4.19,33947
F0372,ARB,Arbres,Trees,direct_category,49.33500362,5.98123584,medium,1.0,,,False,49.33500362,5.98123584,2,3.99,33917 34043
F0373,ARB,Arbres,Trees,direct_category,49.33501312,5.98130302,medium,1.0,,,False,49.33501312,5.98130302,1,1.61,33917
F0374,ARB,Arbres,Trees,direct_category,49.33504343,5.98130561,medium,1.0,,,False,49.33504343,5.98130561,1,2.4,33883
F0375,ARB,Arbres,Trees,direct_category,49.33505414,5.98124258,medium,1.0,,,False,49.33505414,5.98124258,2,3.71,33848 33883
F0376,ARB,Arbres,Trees,direct_category,49.33508182,5.98130511,medium,1.0,,,False,49.33508182,5.98130511,2,1.95,33848 33883
F0377,ARB,Arbres,Trees,direct_category,49.33510811,5.98122664,medium,1.0,,,False,49.33510811,5.98122664,1,4.19,33812
F0378,ARB,Arbres,Trees,direct_category,49.33512759,5.98128157,medium,1.0,,,False,49.33512759,5.98128157,1,1.56,33812
F0379,ARB,Arbres,Trees,direct_category,49.33513751,5.9812309,medium,1.0,,,False,49.33513751,5.9812309,1,4.19,33782
F0380,ARB,Arbres,Trees,direct_category,49.33514589,5.98128028,medium,1.0,,,False,49.33514589,5.98128028,1,1.53,33812
F0381,ARB,Arbres,Trees,direct_category,49.33517752,5.98121122,medium,1.0,,,False,49.33517752,5.98121122,2,3.65,33755 33782
F0382,ARB,Arbres,Trees,direct_category,49.33518546,5.98126955,medium,1.0,,,False,49.33518546,5.98126955,1,1.87,33782
F0383,ARB,Arbres,Trees,direct_category,49.3352064,5.98120536,medium,1.0,,,False,49.3352064,5.98120536,1,4.19,33728
F0384,ARB,Arbres,Trees,direct_category,49.33522789,5.98124522,medium,1.0,,,False,49.33522789,5.98124522,2,1.53,33728 33755
F0385,ARB,Arbres,Trees,direct_category,49.3352432,5.98118868,medium,1.0,,,False,49.3352432,5.98118868,2,4.19,33674 33701
F0386,ARB,Arbres,Trees,direct_category,49.33525984,5.98113609,medium,1.0,,,False,49.33525984,5.98113609,1,6.83,33674
F0387,ARB,Arbres,Trees,direct_category,49.3352721,5.98122295,medium,1.0,,,False,49.3352721,5.98122295,4,1.56,33650 33674 33701 33728
F0388,ARB,Arbres,Trees,direct_category,49.33531034,5.98114107,medium,1.0,,,False,49.33531034,5.98114107,2,4.19,33626 33650
F0389,ARB,Arbres,Trees,direct_category,49.3353106,5.98120069,medium,1.0,,,False,49.3353106,5.98120069,2,1.57,33650 33674
F0390,ARB,Arbres,Trees,direct_category,49.33534311,5.98120052,medium,1.0,,,False,49.33534311,5.98120052,1,3.22,33650
F0391,ARB,Arbres,Trees,direct_category,49.33535549,5.98110073,medium,1.0,,,False,49.33535549,5.98110073,2,3.99,33599 33626
F0392,ARB,Arbres,Trees,direct_category,49.33537125,5.98115479,medium,1.0,,,False,49.33537125,5.98115479,2,1.89,33599 33626
F0393,ARB,Arbres,Trees,direct_category,49.33540041,5.98106579,medium,1.0,,,False,49.33540041,5.98106579,1,6.37,33575
F0394,ARB,Arbres,Trees,direct_category,49.33541492,5.98113371,medium,1.0,,,False,49.33541492,5.98113371,2,1.53,33551 33599
F0395,ARB,Arbres,Trees,direct_category,49.33544847,5.98111318,medium,1.0,,,False,49.33544847,5.98111318,1,1.53,33575
F0396,ARB,Arbres,Trees,direct_category,49.33545308,5.98105256,medium,1.0,,,False,49.33545308,5.98105256,1,4.23,33551
F0397,ARB,Arbres,Trees,direct_category,49.3354782,5.9811033,medium,1.0,,,False,49.3354782,5.9811033,1,2.49,33551
F0398,ARB,Arbres,Trees,direct_category,49.33548936,5.98103726,medium,1.0,,,False,49.33548936,5.98103726,1,4.16,33524
F0399,ARB,Arbres,Trees,direct_category,49.33551979,5.98107252,medium,1.0,,,False,49.33551979,5.98107252,1,1.53,33524
F0400,ARB,Arbres,Trees,direct_category,49.33552502,5.98101756,medium,1.0,,,False,49.33552502,5.98101756,1,4.19,33498
F0401,ARB,Arbres,Trees,direct_category,49.33553863,5.9810665,medium,1.0,,,False,49.33553863,5.9810665,2,1.53,33498 33524
F0402,ARB,Arbres,Trees,direct_category,49.33556229,5.98099067,medium,1.0,,,False,49.33556229,5.98099067,1,4.57,33471
F0403,ARB,Arbres,Trees,direct_category,49.33558487,5.98096279,medium,1.0,,,False,49.33558487,5.98096279,1,6.37,33441
F0404,ARB,Arbres,Trees,direct_category,49.33563807,5.98097136,medium,1.0,,,False,49.33563807,5.98097136,1,4.19,33411
F0405,ARB,Arbres,Trees,direct_category,49.33565591,5.98101513,medium,1.0,,,False,49.33565591,5.98101513,2,1.53,33411 33441
F0406,ARB,Arbres,Trees,direct_category,49.33567507,5.98095807,medium,1.0,,,False,49.33567507,5.98095807,1,4.19,33384
F0407,ARB,Arbres,Trees,direct_category,49.33570222,5.98100164,medium,1.0,,,False,49.33570222,5.98100164,2,1.53,33384 33411
F0408,ARB,Arbres,Trees,direct_category,49.33571922,5.9809339,medium,1.0,,,False,49.33571922,5.9809339,1,4.19,33354
F0409,ARB,Arbres,Trees,direct_category,49.33573092,5.98098776,medium,1.0,,,False,49.33573092,5.98098776,2,1.53,33354 33384
F0410,ARB,Arbres,Trees,direct_category,49.33575537,5.98092932,medium,1.0,,,False,49.33575537,5.98092932,1,4.19,33324
F0411,ARB,Arbres,Trees,direct_category,49.33575752,5.98097536,medium,1.0,,,False,49.33575752,5.98097536,1,7.56,33297
F0412,ARB,Arbres,Trees,direct_category,49.33577795,5.98097704,medium,1.0,,,False,49.33577795,5.98097704,2,1.53,33297 33324
F0413,ARB,Arbres,Trees,direct_category,49.33579119,5.98092197,medium,1.0,,,False,49.33579119,5.98092197,1,4.19,33297
F0414,ARB,Arbres,Trees,direct_category,49.33580716,5.98097276,medium,1.0,,,False,49.33580716,5.98097276,4,1.53,33243 33270 33297 33324
F0415,ARB,Arbres,Trees,direct_category,49.33582812,5.98091394,medium,1.0,,,False,49.33582812,5.98091394,1,4.19,33270
F0416,ARB,Arbres,Trees,direct_category,49.33584664,5.98096403,medium,1.0,,,False,49.33584664,5.98096403,2,1.56,33270 33297
F0417,ARB,Arbres,Trees,direct_category,49.33586704,5.98090399,medium,1.0,,,False,49.33586704,5.98090399,1,4.19,33243
F0418,ARB,Arbres,Trees,direct_category,49.33587586,5.98096812,medium,1.0,,,False,49.33587586,5.98096812,2,3.65,33216 33243
F0419,ARB,Arbres,Trees,direct_category,49.33590362,5.98090042,medium,1.0,,,False,49.33590362,5.98090042,1,4.19,33216
F0420,ARB,Arbres,Trees,direct_category,49.33592705,5.980946,medium,1.0,,,False,49.33592705,5.980946,2,1.56,33189 33216
F0421,ARB,Arbres,Trees,direct_category,49.33592845,5.98087238,medium,1.0,,,False,49.33592845,5.98087238,1,6.37,33189
F0422,ARB,Arbres,Trees,direct_category,49.33595033,5.98094511,medium,1.0,,,False,49.33595033,5.98094511,2,1.53,33189 33216
F0423,ARB,Arbres,Trees,direct_category,49.33598235,5.98089492,medium,1.0,,,False,49.33598235,5.98089492,2,4.19,33135 33162
F0424,ARB,Arbres,Trees,direct_category,49.33601871,5.98087975,medium,1.0,,,False,49.33601871,5.98087975,1,4.19,33135
F0425,ARB,Arbres,Trees,direct_category,49.33603656,5.98093015,medium,1.0,,,False,49.33603656,5.98093015,2,1.56,33135 33162
F0426,ARB,Arbres,Trees,direct_category,49.33606129,5.98092663,medium,1.0,,,False,49.33606129,5.98092663,1,1.67,33135
F0427,ARB,Arbres,Trees,direct_category,49.33606355,5.98086587,medium,1.0,,,False,49.33606355,5.98086587,2,4.19,33075 33105
F0428,ARB,Arbres,Trees,direct_category,49.33610194,5.98092554,medium,1.0,,,False,49.33610194,5.98092554,2,2.07,33045 33105
F0429,ARB,Arbres,Trees,direct_category,49.33610388,5.98086478,medium,1.0,,,False,49.33610388,5.98086478,1,3.22,33105
F0430,ARB,Arbres,Trees,direct_category,49.33613756,5.98091603,medium,1.0,,,False,49.33613756,5.98091603,2,1.56,32988 33075
F0431,ARB,Arbres,Trees,direct_category,49.33614416,5.98085449,medium,1.0,,,False,49.33614416,5.98085449,2,4.16,33015 33045
F0432,ARB,Arbres,Trees,direct_category,49.3362063,5.980867,medium,1.0,,,False,49.3362063,5.980867,2,4.19,32961 32988
F0433,ARB,Arbres,Trees,direct_category,49.33623286,5.98090897,medium,1.0,,,False,49.33623286,5.98090897,3,1.56,32934 32961 32988
F0434,ARB,Arbres,Trees,direct_category,49.33625052,5.98084546,medium,1.0,,,False,49.33625052,5.98084546,1,4.19,32961
F0435,ARB,Arbres,Trees,direct_category,49.33625887,5.98090368,medium,1.0,,,False,49.33625887,5.98090368,2,1.53,32961 32988
F0436,ARB,Arbres,Trees,direct_category,49.33628884,5.98084527,medium,1.0,,,False,49.33628884,5.98084527,1,4.19,32934
F0437,ARB,Arbres,Trees,direct_category,49.33629087,5.98090266,medium,1.0,,,False,49.33629087,5.98090266,2,1.53,32934 32961
F0438,ARB,Arbres,Trees,direct_category,49.33633322,5.98084071,medium,1.0,,,False,49.33633322,5.98084071,2,3.65,32904 32934
F0439,ARB,Arbres,Trees,direct_category,49.33634483,5.98090411,medium,1.0,,,False,49.33634483,5.98090411,3,1.53,32876 32904 32934
F0440,ARB,Arbres,Trees,direct_category,49.33636217,5.98080741,medium,1.0,,,False,49.33636217,5.98080741,1,6.75,32876
F0441,ARB,Arbres,Trees,direct_category,49.33637285,5.98085665,medium,1.0,,,False,49.33637285,5.98085665,1,2.79,32904
F0442,ARB,Arbres,Trees,direct_category,49.33641411,5.98086083,medium,1.0,,,False,49.33641411,5.98086083,1,2.79,32876
F0443,ARB,Arbres,Trees,direct_category,49.33644962,5.98092618,medium,1.0,,,False,49.33644962,5.98092618,2,1.53,32799 32841
F0444,ARB,Arbres,Trees,direct_category,49.33646223,5.98087448,medium,1.0,,,False,49.33646223,5.98087448,3,3.65,32760 32799 32841
F0445,ARB,Arbres,Trees,direct_category,49.33646922,5.98095432,medium,1.0,,,False,49.33646922,5.98095432,2,2.66,32760 32799
F0446,ARB,Arbres,Trees,direct_category,49.336495,5.98088013,medium,1.0,,,False,49.336495,5.98088013,2,4.57,32715 32799
F0447,ARB,Arbres,Trees,direct_category,49.33652024,5.98097164,medium,1.0,,,False,49.33652024,5.98097164,2,1.53,32715 32760
F0448,ARB,Arbres,Trees,direct_category,49.33652655,5.98090183,medium,1.0,,,False,49.33652655,5.98090183,2,4.57,32655 32760
F0449,ARB,Arbres,Trees,direct_category,49.33654125,5.98093924,medium,1.0,,,False,49.33654125,5.98093924,1,1.53,32715
F0450,ARB,Arbres,Trees,direct_category,49.33654658,5.98097792,medium,1.0,,,False,49.33654658,5.98097792,2,1.74,32655 32715
F0451,ARB,Arbres,Trees,direct_category,49.33657927,5.98090052,medium,1.0,,,False,49.33657927,5.98090052,3,3.65,32588 32622 32655
F0452,ARB,Arbres,Trees,direct_category,49.33659557,5.98096761,medium,1.0,,,False,49.33659557,5.98096761,2,1.53,32622 32655
F0453,ARB,Arbres,Trees,direct_category,49.33662616,5.98097957,medium,1.0,,,False,49.33662616,5.98097957,2,2.4,32588 32622
F0454,ARB,Arbres,Trees,direct_category,49.33662711,5.980909,medium,1.0,,,False,49.33662711,5.980909,1,3.65,32622
F0455,ARB,Arbres,Trees,direct_category,49.33665832,5.98090547,medium,1.0,,,False,49.33665832,5.98090547,2,3.65,32558 32588
F0456,ARB,Arbres,Trees,direct_category,49.3366742,5.98095852,medium,1.0,,,False,49.3366742,5.98095852,2,1.53,32528 32558
F0457,ARB,Arbres,Trees,direct_category,49.33669554,5.98090416,medium,1.0,,,False,49.33669554,5.98090416,1,4.19,32528
F0458,ARB,Arbres,Trees,direct_category,49.33669581,5.98096329,medium,1.0,,,False,49.33669581,5.98096329,2,1.53,32528 32558
F0459,ARB,Arbres,Trees,direct_category,49.33673921,5.9808956,medium,1.0,,,False,49.33673921,5.9808956,2,4.19,32470 32502
F0460,ARB,Arbres,Trees,direct_category,49.33675203,5.98095621,medium,1.0,,,False,49.33675203,5.98095621,1,1.53,32502
F0461,ARB,Arbres,Trees,direct_category,49.33678996,5.98095215,medium,1.0,,,False,49.33678996,5.98095215,1,1.53,32470
F0462,ARB,Arbres,Trees,direct_category,49.33681523,5.98090327,medium,1.0,,,False,49.33681523,5.98090327,2,3.22,32437 32470
F0463,ARB,Arbres,Trees,direct_category,49.33682941,5.98095687,medium,1.0,,,False,49.33682941,5.98095687,1,1.53,32437
F0464,ARB,Arbres,Trees,direct_category,49.33684479,5.98091463,medium,1.0,,,False,49.33684479,5.98091463,1,4.19,32409
F0465,ARB,Arbres,Trees,direct_category,49.33685764,5.98096147,medium,1.0,,,False,49.33685764,5.98096147,2,1.53,32409 32437
F0466,ARB,Arbres,Trees,direct_category,49.33688405,5.98091414,medium,1.0,,,False,49.33688405,5.98091414,1,4.19,32377
F0467,ARB,Arbres,Trees,direct_category,49.33689197,5.9809744,medium,1.0,,,False,49.33689197,5.9809744,2,2.4,32377 32409
F0468,ARB,Arbres,Trees,direct_category,49.33691412,5.98089692,medium,1.0,,,False,49.33691412,5.98089692,1,5.65,32353
F0469,ARB,Arbres,Trees,direct_category,49.33693035,5.98096309,medium,1.0,,,False,49.33693035,5.98096309,2,1.53,32353 32377
F0470,ARB,Arbres,Trees,direct_category,49.3369553,5.98089196,medium,1.0,,,False,49.3369553,5.98089196,1,5.65,32326
F0471,ARB,Arbres,Trees,direct_category,49.33698415,5.98095625,medium,1.0,,,False,49.33698415,5.98095625,1,1.53,32326
F0472,ARB,Arbres,Trees,direct_category,49.33700862,5.98090221,medium,1.0,,,False,49.33700862,5.98090221,2,3.65,32296 32326
F0473,ARB,Arbres,Trees,direct_category,49.33702326,5.98095584,medium,1.0,,,False,49.33702326,5.98095584,2,1.53,32272 32296
F0474,ARB,Arbres,Trees,direct_category,49.3370498,5.98089954,medium,1.0,,,False,49.3370498,5.98089954,3,3.65,32248 32272 32296
F0475,ARB,Arbres,Trees,direct_category,49.33705038,5.9809577,medium,1.0,,,False,49.33705038,5.9809577,3,1.53,32248 32272 32296
F0476,ARB,Arbres,Trees,direct_category,49.33708994,5.98097291,medium,1.0,,,False,49.33708994,5.98097291,2,2.59,32248 32272
F0477,ARB,Arbres,Trees,direct_category,49.3371213,5.98089803,medium,1.0,,,False,49.3371213,5.98089803,1,4.19,32224
F0478,ARB,Arbres,Trees,direct_category,49.33713557,5.98095611,medium,1.0,,,False,49.33713557,5.98095611,2,1.53,32224 32248
F0479,ARB,Arbres,Trees,direct_category,49.33715984,5.9809596,medium,1.0,,,False,49.33715984,5.9809596,2,1.53,32197 32224
F0480,ARB,Arbres,Trees,direct_category,49.33716025,5.98090977,medium,1.0,,,False,49.33716025,5.98090977,2,2.66,32197 32224
F0481,ARB,Arbres,Trees,direct_category,49.33719593,5.98090356,medium,1.0,,,False,49.33719593,5.98090356,2,2.49,32173 32197
F0482,ARB,Arbres,Trees,direct_category,49.33721263,5.98095165,medium,1.0,,,False,49.33721263,5.98095165,2,1.53,32173 32197
F0483,ARB,Arbres,Trees,direct_category,49.3372301,5.98089053,medium,1.0,,,False,49.3372301,5.98089053,1,4.19,32143
F0484,ARB,Arbres,Trees,direct_category,49.33723661,5.98096407,medium,1.0,,,False,49.33723661,5.98096407,2,2.57,32143 32173
F0485,ARB,Arbres,Trees,direct_category,49.33726987,5.98088742,medium,1.0,,,False,49.33726987,5.98088742,2,2.59,32113 32143
F0486,ARB,Arbres,Trees,direct_category,49.33727951,5.98095406,medium,1.0,,,False,49.33727951,5.98095406,3,3.65,32077 32113 32143
F0487,ARB,Arbres,Trees,direct_category,49.33731357,5.98085823,medium,1.0,,,False,49.33731357,5.98085823,3,3.83,32044 32077 32113
F0488,ARB,Arbres,Trees,direct_category,49.33732364,5.98093502,medium,1.0,,,False,49.33732364,5.98093502,2,3.22,32077 32113
F0489,ARB,Arbres,Trees,direct_category,49.33734188,5.98081028,medium,1.0,,,False,49.33734188,5.98081028,1,5.65,32077
F0490,ARB,Arbres,Trees,direct_category,49.33735761,5.98090886,medium,1.0,,,False,49.33735761,5.98090886,2,3.22,32044 32077
F0491,ARB,Arbres,Trees,direct_category,49.33736907,5.98081505,medium,1.0,,,False,49.33736907,5.98081505,3,3.65,31986 32014 32044
F0492,ARB,Arbres,Trees,direct_category,49.33739056,5.98087867,medium,1.0,,,False,49.33739056,5.98087867,2,2.61,32014 32044
F0493,ARB,Arbres,Trees,direct_category,49.33739983,5.98079523,medium,1.0,,,False,49.33739983,5.98079523,1,2.57,32014
F0494,ARB,Arbres,Trees,direct_category,49.33742503,5.98075661,medium,1.0,,,False,49.33742503,5.98075661,1,4.19,31960
F0495,ARB,Arbres,Trees,direct_category,49.33743122,5.98084864,medium,1.0,,,False,49.33743122,5.98084864,1,3.65,32014
F0496,ARB,Arbres,Trees,direct_category,49.33745698,5.98070526,medium,1.0,,,False,49.33745698,5.98070526,3,3.65,31909 31932 31960
F0497,ARB,Arbres,Trees,direct_category,49.33746027,5.98080394,medium,1.0,,,False,49.33746027,5.98080394,2,3.22,31960 31986
F0498,ARB,Arbres,Trees,direct_category,49.33749268,5.98073731,medium,1.0,,,False,49.33749268,5.98073731,2,1.56,31885 31932
F0499,ARB,Arbres,Trees,direct_category,49.33751571,5.98064351,medium,1.0,,,False,49.33751571,5.98064351,1,4.02,31885
F0500,ARB,Arbres,Trees,direct_category,49.33751683,5.98072784,medium,1.0,,,False,49.33751683,5.98072784,2,2.57,31909 31932
F0501,ARB,Arbres,Trees,direct_category,49.3375426,5.98061344,medium,1.0,,,False,49.3375426,5.98061344,1,4.19,31861
F0502,ARB,Arbres,Trees,direct_category,49.3375486,5.98068926,medium,1.0,,,False,49.3375486,5.98068926,2,2.79,31885 31909
F0503,ARB,Arbres,Trees,direct_category,49.33757049,5.98057516,medium,1.0,,,False,49.33757049,5.98057516,1,4.19,31837
F0504,ARB,Arbres,Trees,direct_category,49.33757665,5.98065506,medium,1.0,,,False,49.33757665,5.98065506,2,2.79,31861 31885
F0505,ARB,Arbres,Trees,direct_category,49.33759689,5.98054334,medium,1.0,,,False,49.33759689,5.98054334,1,4.19,31813
F0506,ARB,Arbres,Trees,direct_category,49.33760517,5.98060962,medium,1.0,,,False,49.33760517,5.98060962,3,2.66,31813 31837 31861
F0507,ARB,Arbres,Trees,direct_category,49.33762703,5.98049638,medium,1.0,,,False,49.33762703,5.98049638,2,2.79,31785 31813
F0508,ARB,Arbres,Trees,direct_category,49.33763712,5.9805764,medium,1.0,,,False,49.33763712,5.9805764,2,2.59,31813 31837
F0509,ARB,Arbres,Trees,direct_category,49.3376574,5.98053419,medium,1.0,,,False,49.3376574,5.98053419,3,2.66,31759 31785 31813
F0510,ARB,Arbres,Trees,direct_category,49.33765857,5.98045248,medium,1.0,,,False,49.33765857,5.98045248,3,2.68,31732 31759 31785
F0511,ARB,Arbres,Trees,direct_category,49.337687,5.98049512,medium,1.0,,,False,49.337687,5.98049512,2,2.4,31759 31785
F0512,ARB,Arbres,Trees,direct_category,49.3376889,5.98041762,medium,1.0,,,False,49.3376889,5.98041762,1,2.68,31759
F0513,ARB,Arbres,Trees,direct_category,49.33770565,5.98046159,medium,1.0,,,False,49.33770565,5.98046159,2,1.53,31732 31759
F0514,ARB,Arbres,Trees,direct_category,49.33771046,5.98037522,medium,1.0,,,False,49.33771046,5.98037522,2,4.19,31678 31704
F0515,ARB,Arbres,Trees,direct_category,49.33773897,5.98033545,medium,1.0,,,False,49.33773897,5.98033545,2,4.16,31654 31678
F0516,ARB,Arbres,Trees,direct_category,49.337744,5.98039474,medium,1.0,,,False,49.337744,5.98039474,3,1.53,31678 31704 31732
F0517,ARB,Arbres,Trees,direct_category,49.33776214,5.98028829,medium,1.0,,,False,49.33776214,5.98028829,1,4.19,31654
F0518,ARB,Arbres,Trees,direct_category,49.33777342,5.98034552,medium,1.0,,,False,49.33777342,5.98034552,2,1.56,31654 31678
F0519,ARB,Arbres,Trees,direct_category,49.33778412,5.98034405,medium,1.0,,,False,49.33778412,5.98034405,1,1.96,31678
F0520,ARB,Arbres,Trees,direct_category,49.3377929,5.98031505,medium,1.0,,,False,49.3377929,5.98031505,2,1.53,31654 31678
F0521,ARB,Arbres,Trees,direct_category,49.33779513,5.98025301,medium,1.0,,,False,49.33779513,5.98025301,2,4.02,31606 31630
F0522,ARB,Arbres,Trees,direct_category,49.3377998,5.98020191,medium,1.0,,,False,49.3377998,5.98020191,1,6.37,31606
F0523,ARB,Arbres,Trees,direct_category,49.33785313,5.98016911,medium,1.0,,,False,49.33785313,5.98016911,2,4.19,31557 31581
F0524,ARB,Arbres,Trees,direct_category,49.33785729,5.98021962,medium,1.0,,,False,49.33785729,5.98021962,2,1.56,31581 31606
F0525,ARB,Arbres,Trees,direct_category,49.33787921,5.98010784,medium,1.0,,,False,49.33787921,5.98010784,1,3.99,31557
F0526,ARB,Arbres,Trees,direct_category,49.33788683,5.98017607,medium,1.0,,,False,49.33788683,5.98017607,2,1.56,31557 31581
F0527,ARB,Arbres,Trees,direct_category,49.33790721,5.98007301,medium,1.0,,,False,49.33790721,5.98007301,1,4.16,31533
F0528,ARB,Arbres,Trees,direct_category,49.33791271,5.98013827,medium,1.0,,,False,49.33791271,5.98013827,2,1.95,31533 31557
F0529,ARB,Arbres,Trees,direct_category,49.33793883,5.98003789,medium,1.0,,,False,49.33793883,5.98003789,1,3.96,31509
F0530,ARB,Arbres,Trees,direct_category,49.33794495,5.98010785,medium,1.0,,,False,49.33794495,5.98010785,2,2.57,31509 31533
F0531,ARB,Arbres,Trees,direct_category,49.33797164,5.97999697,medium,1.0,,,False,49.33797164,5.97999697,2,4.19,31463 31487
F0532,ARB,Arbres,Trees,direct_category,49.33797507,5.98006291,medium,1.0,,,False,49.33797507,5.98006291,2,1.56,31509 31533
F0533,ARB,Arbres,Trees,direct_category,49.33800236,5.97995683,medium,1.0,,,False,49.33800236,5.97995683,1,3.99,31463
F0534,ARB,Arbres,Trees,direct_category,49.33803105,5.97992799,medium,1.0,,,False,49.33803105,5.97992799,1,4.19,31438
F0535,ARB,Arbres,Trees,direct_category,49.33803506,5.97998741,medium,1.0,,,False,49.33803506,5.97998741,3,1.53,31412 31438 31463
F0536,ARB,Arbres,Trees,direct_category,49.33806603,5.97989711,medium,1.0,,,False,49.33806603,5.97989711,1,3.99,31412
F0537,ARB,Arbres,Trees,direct_category,49.33806778,5.97995657,medium,1.0,,,False,49.33806778,5.97995657,2,1.56,31384 31438
F0538,ARB,Arbres,Trees,direct_category,49.3380999,5.97993302,medium,1.0,,,False,49.3380999,5.97993302,1,1.94,31412
F0539,ARB,Arbres,Trees,direct_category,49.33810174,5.97987493,medium,1.0,,,False,49.33810174,5.97987493,2,3.99,31358 31384
F0540,ARB,Arbres,Trees,direct_category,49.33813084,5.97989818,medium,1.0,,,False,49.33813084,5.97989818,1,1.56,31384
F0541,ARB,Arbres,Trees,direct_category,49.33813508,5.97984123,medium,1.0,,,False,49.33813508,5.97984123,2,4.19,31331 31358
F0542,ARB,Arbres,Trees,direct_category,49.3381545,5.97988027,medium,1.0,,,False,49.3381545,5.97988027,3,1.67,31331 31358 31384
F0543,ARB,Arbres,Trees,direct_category,49.33817153,5.9797919,medium,1.0,,,False,49.33817153,5.9797919,2,4.19,31307 31331
F0544,ARB,Arbres,Trees,direct_category,49.33818749,5.97985097,medium,1.0,,,False,49.33818749,5.97985097,2,1.56,31331 31358
F0545,ARB,Arbres,Trees,direct_category,49.33821988,5.97982833,medium,1.0,,,False,49.33821988,5.97982833,3,2.08,31259 31283 31331
F0546,ARB,Arbres,Trees,direct_category,49.33823537,5.97974884,medium,1.0,,,False,49.33823537,5.97974884,1,4.19,31283
F0547,ARB,Arbres,Trees,direct_category,49.33826227,5.97980539,medium,1.0,,,False,49.33826227,5.97980539,2,2.66,31283 31307
F0548,ARB,Arbres,Trees,direct_category,49.33826997,5.97974571,medium,1.0,,,False,49.33826997,5.97974571,2,4.19,31231 31259
F0549,ARB,Arbres,Trees,direct_category,49.33828107,5.97969484,medium,1.0,,,False,49.33828107,5.97969484,1,6.37,31231
F0550,ARB,Arbres,Trees,direct_category,49.33830065,5.97977858,medium,1.0,,,False,49.33830065,5.97977858,1,2.68,31259
F0551,ARB,Arbres,Trees,direct_category,49.33833156,5.97973748,medium,1.0,,,False,49.33833156,5.97973748,1,1.94,31231
F0552,ARB,Arbres,Trees,direct_category,49.33833325,5.97967777,medium,1.0,,,False,49.33833325,5.97967777,1,4.16,31207
F0553,ARB,Arbres,Trees,direct_category,49.33833326,5.97967767,medium,1.0,,,False,49.33833326,5.97967767,1,4.16,31207
F0554,ARB,Arbres,Trees,direct_category,49.338351,5.97972288,medium,1.0,,,False,49.338351,5.97972288,3,1.53,31184 31207 31231
F0555,ARB,Arbres,Trees,direct_category,49.33836643,5.97964391,medium,1.0,,,False,49.33836643,5.97964391,1,4.19,31184
F0556,ARB,Arbres,Trees,direct_category,49.33838955,5.97968927,medium,1.0,,,False,49.33838955,5.97968927,3,1.53,31160 31184 31207
F0557,ARB,Arbres,Trees,direct_category,49.33840593,5.97961856,medium,1.0,,,False,49.33840593,5.97961856,3,3.22,31132 31160 31184
F0558,ARB,Arbres,Trees,direct_category,49.33843434,5.97965832,medium,1.0,,,False,49.33843434,5.97965832,1,1.56,31160
F0559,ARB,Arbres,Trees,direct_category,49.33844411,5.97957944,medium,1.0,,,False,49.33844411,5.97957944,2,4.06,31106 31132
F0560,ARB,Arbres,Trees,direct_category,49.33846511,5.97963354,medium,1.0,,,False,49.33846511,5.97963354,2,1.62,31106 31132
F0561,ARB,Arbres,Trees,direct_category,49.33849311,5.97962221,medium,1.0,,,False,49.33849311,5.97962221,3,1.53,31078 31106 31132
F0562,ARB,Arbres,Trees,direct_category,49.33851746,5.97956342,medium,1.0,,,False,49.33851746,5.97956342,1,3.65,31078
F0563,ARB,Arbres,Trees,direct_category,49.33854551,5.97960082,medium,1.0,,,False,49.33854551,5.97960082,1,1.55,31078
F0564,ARB,Arbres,Trees,direct_category,49.33854717,5.9795378,medium,1.0,,,False,49.33854717,5.9795378,1,4.23,31052
F0565,ARB,Arbres,Trees,direct_category,49.33857512,5.97957902,medium,1.0,,,False,49.33857512,5.97957902,1,1.56,31052
F0566,ARB,Arbres,Trees,direct_category,49.33858621,5.97952155,medium,1.0,,,False,49.33858621,5.97952155,1,4.19,31028
F0567,ARB,Arbres,Trees,direct_category,49.33862158,5.9795118,medium,1.0,,,False,49.33862158,5.9795118,1,4.57,31003
F0568,ARB,Arbres,Trees,direct_category,49.33864819,5.97956117,medium,1.0,,,False,49.33864819,5.97956117,2,1.53,30949 31003
F0569,ARB,Arbres,Trees,direct_category,49.33866965,5.9794955,medium,1.0,,,False,49.33866965,5.9794955,2,4.19,30949 30977
F0570,ARB,Arbres,Trees,direct_category,49.33872048,5.97955065,medium,1.0,,,False,49.33872048,5.97955065,3,1.56,30925 30949 30977
F0571,ARB,Arbres,Trees,direct_category,49.33874062,5.97949703,medium,1.0,,,False,49.33874062,5.97949703,2,2.59,30925 30949
F0572,ARB,Arbres,Trees,direct_category,49.33874907,5.97954284,medium,1.0,,,False,49.33874907,5.97954284,3,1.53,30902 30925 30949
F0573,ARB,Arbres,Trees,direct_category,49.33877811,5.97948316,medium,1.0,,,False,49.33877811,5.97948316,1,4.19,30902
F0574,ARB,Arbres,Trees,direct_category,49.33879808,5.97954169,medium,1.0,,,False,49.33879808,5.97954169,2,1.56,30902 30925
F0575,ARB,Arbres,Trees,direct_category,49.33881937,5.97947953,medium,1.0,,,False,49.33881937,5.97947953,1,4.19,30878
F0576,ARB,Arbres,Trees,direct_category,49.33885603,5.97948343,medium,1.0,,,False,49.33885603,5.97948343,1,4.19,30854
F0577,ARB,Arbres,Trees,direct_category,49.33887261,5.97953992,medium,1.0,,,False,49.33887261,5.97953992,2,1.53,30854 30878
F0578,ARB,Arbres,Trees,direct_category,49.33889178,5.97954011,medium,1.0,,,False,49.33889178,5.97954011,1,1.57,30854
F0579,ARB,Arbres,Trees,direct_category,49.33889273,5.97948385,medium,1.0,,,False,49.33889273,5.97948385,1,4.19,30826
F0580,ARB,Arbres,Trees,direct_category,49.33893085,5.97948796,medium,1.0,,,False,49.33893085,5.97948796,1,4.19,30800
F0581,ARB,Arbres,Trees,direct_category,49.33894869,5.9795402,medium,1.0,,,False,49.33894869,5.9795402,1,1.53,30800
F0582,ARB,Arbres,Trees,direct_category,49.33897366,5.97948736,medium,1.0,,,False,49.33897366,5.97948736,2,3.65,30773 30800
F0583,ARB,Arbres,Trees,direct_category,49.33898292,5.97954736,medium,1.0,,,False,49.33898292,5.97954736,4,1.53,30725 30749 30773 30800
F0584,ARB,Arbres,Trees,direct_category,49.33902004,5.97949498,medium,1.0,,,False,49.33902004,5.97949498,3,3.65,30725 30749 30773
F0585,ARB,Arbres,Trees,direct_category,49.33902411,5.9795492,medium,1.0,,,False,49.33902411,5.9795492,2,1.57,30697 30749
F0586,ARB,Arbres,Trees,direct_category,49.33906227,5.97955529,medium,1.0,,,False,49.33906227,5.97955529,2,1.56,30674 30725
F0587,ARB,Arbres,Trees,direct_category,49.3390825,5.97950153,medium,1.0,,,False,49.3390825,5.97950153,1,4.19,30697
F0588,ARB,Arbres,Trees,direct_category,49.33908877,5.97955734,medium,1.0,,,False,49.33908877,5.97955734,3,1.53,30674 30697 30725
F0589,ARB,Arbres,Trees,direct_category,49.33911737,5.97950979,medium,1.0,,,False,49.33911737,5.97950979,1,4.19,30674
F0590,ARB,Arbres,Trees,direct_category,49.33913465,5.97956841,medium,1.0,,,False,49.33913465,5.97956841,1,1.87,30674
F0591,ARB,Arbres,Trees,direct_category,49.33915407,5.97951809,medium,1.0,,,False,49.33915407,5.97951809,1,4.19,30650
F0592,ARB,Arbres,Trees,direct_category,49.33919634,5.97951908,medium,1.0,,,False,49.33919634,5.97951908,1,4.19,30626
F0593,ARB,Arbres,Trees,direct_category,49.33923185,5.97953993,medium,1.0,,,False,49.33923185,5.97953993,2,4.19,30578 30602
F0594,ARB,Arbres,Trees,direct_category,49.33927425,5.97953114,medium,1.0,,,False,49.33927425,5.97953114,1,4.19,30578
F0595,ARB,Arbres,Trees,direct_category,49.33928725,5.97959313,medium,1.0,,,False,49.33928725,5.97959313,2,1.57,30578 30602
F0596,ARB,Arbres,Trees,direct_category,49.33931345,5.97954055,medium,1.0,,,False,49.33931345,5.97954055,1,4.16,30554
F0597,ARB,Arbres,Trees,direct_category,49.33932727,5.97959647,medium,1.0,,,False,49.33932727,5.97959647,2,1.56,30509 30554
F0598,ARB,Arbres,Trees,direct_category,49.33935407,5.97954717,medium,1.0,,,False,49.33935407,5.97954717,1,4.19,30530
F0599,ARB,Arbres,Trees,direct_category,49.33938514,5.97956268,medium,1.0,,,False,49.33938514,5.97956268,1,4.19,30509
F0600,ARB,Arbres,Trees,direct_category,49.33940775,5.97961192,medium,1.0,,,False,49.33940775,5.97961192,1,4.97,30486
F0601,ARB,Arbres,Trees,direct_category,49.33942919,5.97957661,medium,1.0,,,False,49.33942919,5.97957661,2,4.19,30462 30486
F0602,ARB,Arbres,Trees,direct_category,49.33946674,5.97957819,medium,1.0,,,False,49.33946674,5.97957819,1,4.19,30462
F0603,ARB,Arbres,Trees,direct_category,49.33947186,5.97963823,medium,1.0,,,False,49.33947186,5.97963823,1,1.95,30462
F0604,ARB,Arbres,Trees,direct_category,49.3395024,5.97959811,medium,1.0,,,False,49.3395024,5.97959811,1,4.19,30438
F0605,ARB,Arbres,Trees,direct_category,49.3395147,5.97965609,medium,1.0,,,False,49.3395147,5.97965609,1,1.53,30438
F0606,ARB,Arbres,Trees,direct_category,49.33953249,5.97966203,medium,1.0,,,False,49.33953249,5.97966203,1,1.53,30438
F0607,ARB,Arbres,Trees,direct_category,49.33954201,5.97961318,medium,1.0,,,False,49.33954201,5.97961318,2,2.59,30414 30438
F0608,ARB,Arbres,Trees,direct_category,49.33956813,5.97967777,medium,1.0,,,False,49.33956813,5.97967777,2,1.53,30372 30414
F0609,ARB,Arbres,Trees,direct_category,49.33958941,5.97963534,medium,1.0,,,False,49.33958941,5.97963534,3,2.77,30372 30393 30414
F0610,ARB,Arbres,Trees,direct_category,49.33961346,5.97969927,medium,1.0,,,False,49.33961346,5.97969927,3,1.53,30347 30372 30393
F0611,ARB,Arbres,Trees,direct_category,49.33964106,5.9796678,medium,1.0,,,False,49.33964106,5.9796678,2,4.19,30318 30347
F0612,ARB,Arbres,Trees,direct_category,49.33965346,5.97972534,medium,1.0,,,False,49.33965346,5.97972534,2,2.08,30347 30372
F0613,ARB,Arbres,Trees,direct_category,49.33968981,5.97972877,medium,1.0,,,False,49.33968981,5.97972877,3,2.08,30288 30318 30347
F0614,ARB,Arbres,Trees,direct_category,49.33969167,5.97966159,medium,1.0,,,False,49.33969167,5.97966159,2,4.19,30288 30318
F0615,ARB,Arbres,Trees,direct_category,49.33971749,5.97970937,medium,1.0,,,False,49.33971749,5.97970937,1,7.66,30252
F0616,ARB,Arbres,Trees,direct_category,49.33973858,5.97973805,medium,1.0,,,False,49.33973858,5.97973805,1,1.56,30288
F0617,ARB,Arbres,Trees,direct_category,49.33975593,5.97974383,medium,1.0,,,False,49.33975593,5.97974383,2,1.53,30252 30288
F0618,ARB,Arbres,Trees,direct_category,49.33976031,5.97969028,medium,1.0,,,False,49.33976031,5.97969028,1,4.19,30252
F0619,ARB,Arbres,Trees,direct_category,49.33979736,5.9797072,medium,1.0,,,False,49.33979736,5.9797072,2,2.59,30219 30252
F0620,ARB,Arbres,Trees,direct_category,49.33979868,5.97976545,medium,1.0,,,False,49.33979868,5.97976545,2,2.4,30219 30252
F0621,ARB,Arbres,Trees,direct_category,49.33983209,5.97971417,medium,1.0,,,False,49.33983209,5.97971417,2,2.7,30183 30219
F0622,ARB,Arbres,Trees,direct_category,49.3398339,5.97977472,medium,1.0,,,False,49.3398339,5.97977472,3,2.4,30153 30183 30219
F0623,ARB,Arbres,Trees,direct_category,49.33987275,5.97976786,medium,1.0,,,False,49.33987275,5.97976786,3,1.53,30123 30153 30183
F0624,ARB,Arbres,Trees,direct_category,49.33987822,5.97978407,medium,1.0,,,False,49.33987822,5.97978407,1,1.56,30153
F0625,ARB,Arbres,Trees,direct_category,49.33990031,5.97981218,medium,1.0,,,False,49.33990031,5.97981218,2,3.22,30123 30153
F0626,ARB,Arbres,Trees,direct_category,49.33990209,5.97975852,medium,1.0,,,False,49.33990209,5.97975852,2,1.56,30123 30153
F0627,ARB,Arbres,Trees,direct_category,49.33994467,5.97975785,medium,1.0,,,False,49.33994467,5.97975785,2,2.79,30090 30123
F0628,ARB,Arbres,Trees,direct_category,49.33997965,5.97977167,medium,1.0,,,False,49.33997965,5.97977167,2,4.19,30024 30056
F0629,ARB,Arbres,Trees,direct_category,49.34000433,5.97982311,medium,1.0,,,False,49.34000433,5.97982311,2,4.09,29997 30024
F0630,ARB,Arbres,Trees,direct_category,49.3400127,5.97984163,medium,1.0,,,False,49.3400127,5.97984163,3,1.57,29997 30024 30056
F0631,ARB,Arbres,Trees,direct_category,49.34001556,5.97978581,medium,1.0,,,False,49.34001556,5.97978581,1,4.19,30024
F0632,ARB,Arbres,Trees,direct_category,49.34004497,5.97982924,medium,1.0,,,False,49.34004497,5.97982924,1,7.77,29973
F0633,ARB,Arbres,Trees,direct_category,49.34006101,5.97986028,medium,1.0,,,False,49.34006101,5.97986028,2,1.94,29973 29997
F0634,ARB,Arbres,Trees,direct_category,49.34006215,5.97979484,medium,1.0,,,False,49.34006215,5.97979484,2,4.02,29973 29997
F0635,ARB,Arbres,Trees,direct_category,49.34008645,5.97986953,medium,1.0,,,False,49.34008645,5.97986953,3,1.53,29946 29973 29997
F0636,ARB,Arbres,Trees,direct_category,49.34012703,5.97983526,medium,1.0,,,False,49.34012703,5.97983526,2,4.19,29918 29946
F0637,ARB,Arbres,Trees,direct_category,49.34013925,5.97989007,medium,1.0,,,False,49.34013925,5.97989007,1,1.56,29946
F0638,ARB,Arbres,Trees,direct_category,49.34016415,5.97984726,medium,1.0,,,False,49.34016415,5.97984726,2,4.19,29892 29918
F0639,ARB,Arbres,Trees,direct_category,49.34017168,5.97990624,medium,1.0,,,False,49.34017168,5.97990624,1,1.94,29918
F0640,ARB,Arbres,Trees,direct_category,49.34019221,5.97982931,medium,1.0,,,False,49.34019221,5.97982931,1,6.37,29892
F0641,ARB,Arbres,Trees,direct_category,49.34020435,5.97986947,medium,1.0,,,False,49.34020435,5.97986947,2,2.79,29865 29918
F0642,ARB,Arbres,Trees,direct_category,49.34020872,5.97991593,medium,1.0,,,False,49.34020872,5.97991593,2,1.56,29865 29892
F0643,ARB,Arbres,Trees,direct_category,49.34023111,5.97984371,medium,1.0,,,False,49.34023111,5.97984371,1,6.37,29865
F0644,ARB,Arbres,Trees,direct_category,49.34024518,5.97993485,medium,1.0,,,False,49.34024518,5.97993485,2,1.57,29817 29865
F0645,ARB,Arbres,Trees,direct_category,49.34027396,5.97989898,medium,1.0,,,False,49.34027396,5.97989898,1,3.99,29841
F0646,ARB,Arbres,Trees,direct_category,49.34030799,5.97991924,medium,1.0,,,False,49.34030799,5.97991924,1,4.16,29817
F0647,ARB,Arbres,Trees,direct_category,49.34031136,5.97998433,medium,1.0,,,False,49.34031136,5.97998433,3,1.55,29765 29817 29841
F0648,ARB,Arbres,Trees,direct_category,49.34034296,5.97994251,medium,1.0,,,False,49.34034296,5.97994251,1,4.19,29793
F0649,ARB,Arbres,Trees,direct_category,49.34037679,5.97997052,medium,1.0,,,False,49.34037679,5.97997052,1,4.19,29765
F0650,ARB,Arbres,Trees,direct_category,49.34037834,5.98003455,medium,1.0,,,False,49.34037834,5.98003455,3,1.57,29709 29765 29841
F0651,ARB,Arbres,Trees,direct_category,49.34040883,5.97996867,medium,1.0,,,False,49.34040883,5.97996867,1,6.37,29736
F0652,ARB,Arbres,Trees,direct_category,49.3404444,5.98008266,medium,1.0,,,False,49.3404444,5.98008266,1,1.53,29709
F0653,ARB,Arbres,Trees,direct_category,49.34044923,5.98003258,medium,1.0,,,False,49.34044923,5.98003258,2,2.79,29709 29736
F0654,ARB,Arbres,Trees,direct_category,49.34045776,5.98013341,medium,1.0,,,False,49.34045776,5.98013341,1,3.86,29709
F0655,ARB,Arbres,Trees,direct_category,49.3404808,5.98006027,medium,1.0,,,False,49.3404808,5.98006027,2,4.19,29658 29682
F0656,ARB,Arbres,Trees,direct_category,49.34049261,5.98012737,medium,1.0,,,False,49.34049261,5.98012737,1,1.53,29682
F0657,ARB,Arbres,Trees,direct_category,49.34052609,5.9800796,medium,1.0,,,False,49.34052609,5.9800796,1,4.02,29658
F0658,ARB,Arbres,Trees,direct_category,49.34053257,5.9801663,medium,1.0,,,False,49.34053257,5.9801663,3,1.53,29604 29630 29658
F0659,ARB,Arbres,Trees,direct_category,49.34053907,5.98011776,medium,1.0,,,False,49.34053907,5.98011776,1,4.19,29630
F0660,ARB,Arbres,Trees,direct_category,49.34056925,5.98018637,medium,1.0,,,False,49.34056925,5.98018637,1,6.92,29577
F0661,ARB,Arbres,Trees,direct_category,49.34057366,5.9801401,medium,1.0,,,False,49.34057366,5.9801401,1,4.19,29604
F0662,ARB,Arbres,Trees,direct_category,49.34060833,5.9801662,medium,1.0,,,False,49.34060833,5.9801662,1,4.19,29577
F0663,ARB,Arbres,Trees,direct_category,49.34061305,5.98022812,medium,1.0,,,False,49.34061305,5.98022812,2,1.56,29577 29604
F0664,ARB,Arbres,Trees,direct_category,49.3406419,5.98016654,medium,1.0,,,False,49.3406419,5.98016654,1,5.65,29553
F0665,ARB,Arbres,Trees,direct_category,49.34064493,5.98024423,medium,1.0,,,False,49.34064493,5.98024423,3,1.53,29526 29553 29577
F0666,ARB,Arbres,Trees,direct_category,49.34067727,5.98018941,medium,1.0,,,False,49.34067727,5.98018941,1,5.65,29526
F0667,ARB,Arbres,Trees,direct_category,49.34068717,5.980271,medium,1.0,,,False,49.34068717,5.980271,1,1.56,29526
F0668,ARB,Arbres,Trees,direct_category,49.3407016,5.98028063,medium,1.0,,,False,49.3407016,5.98028063,1,1.53,29526
F0669,ARB,Arbres,Trees,direct_category,49.34072114,5.98023514,medium,1.0,,,False,49.34072114,5.98023514,1,4.16,29500
F0670,ARB,Arbres,Trees,direct_category,49.34075059,5.98029091,medium,1.0,,,False,49.34075059,5.98029091,1,6.92,29449
F0671,ARB,Arbres,Trees,direct_category,49.340757,5.98024356,medium,1.0,,,False,49.340757,5.98024356,1,5.65,29473
F0672,ARB,Arbres,Trees,direct_category,49.34078236,5.98035902,medium,1.0,,,False,49.34078236,5.98035902,2,1.89,29419 29449
F0673,ARB,Arbres,Trees,direct_category,49.34079188,5.98029785,medium,1.0,,,False,49.34079188,5.98029785,1,3.99,29449
F0674,ARB,Arbres,Trees,direct_category,49.34079795,5.98038228,medium,1.0,,,False,49.34079795,5.98038228,2,2.24,29392 29449
F0675,ARB,Arbres,Trees,direct_category,49.34081836,5.98033068,medium,1.0,,,False,49.34081836,5.98033068,1,4.19,29419
F0676,ARB,Arbres,Trees,direct_category,49.34083335,5.98040576,medium,1.0,,,False,49.34083335,5.98040576,1,1.53,29419
F0677,ARB,Arbres,Trees,direct_category,49.34085759,5.98036034,medium,1.0,,,False,49.34085759,5.98036034,1,4.16,29392
F0678,ARB,Arbres,Trees,direct_category,49.34089507,5.9804717,medium,1.0,,,False,49.34089507,5.9804717,2,1.53,29305 29365
F0679,ARB,Arbres,Trees,direct_category,49.34092904,5.98042703,medium,1.0,,,False,49.34092904,5.98042703,2,4.19,29305 29332
F0680,ARB,Arbres,Trees,direct_category,49.34093417,5.98051426,medium,1.0,,,False,49.34093417,5.98051426,3,1.53,29281 29305 29332
F0681,ARB,Arbres,Trees,direct_category,49.3409637,5.9805502,medium,1.0,,,False,49.3409637,5.9805502,3,1.53,29230 29281 29305
F0682,ARB,Arbres,Trees,direct_category,49.34097761,5.98050609,medium,1.0,,,False,49.34097761,5.98050609,3,2.79,29254 29281 29305
F0683,ARB,Arbres,Trees,direct_category,49.34100201,5.98059127,medium,1.0,,,False,49.34100201,5.98059127,2,1.56,29254 29281
F0684,ARB,Arbres,Trees,direct_category,49.34101043,5.9805353,medium,1.0,,,False,49.34101043,5.9805353,3,2.68,29230 29254 29281
F0685,ARB,Arbres,Trees,direct_category,49.34103263,5.98062288,medium,1.0,,,False,49.34103263,5.98062288,3,1.56,29173 29230 29254
F0686,ARB,Arbres,Trees,direct_category,49.34103854,5.98056894,medium,1.0,,,False,49.34103854,5.98056894,1,2.49,29254
F0687,ARB,Arbres,Trees,direct_category,49.34104529,5.98065413,medium,1.0,,,False,49.34104529,5.98065413,3,2.99,29173 29199 29230
F0688,ARB,Arbres,Trees,direct_category,49.34107047,5.98059314,medium,1.0,,,False,49.34107047,5.98059314,1,4.19,29199
F0689,ARB,Arbres,Trees,direct_category,49.34107332,5.98069573,medium,1.0,,,False,49.34107332,5.98069573,3,3.65,29149 29173 29199
F0690,ARB,Arbres,Trees,direct_category,49.34109361,5.98063045,medium,1.0,,,False,49.34109361,5.98063045,1,4.02,29173
F0691,ARB,Arbres,Trees,direct_category,49.34112358,5.98071831,medium,1.0,,,False,49.34112358,5.98071831,3,1.53,29125 29149 29173
F0692,ARB,Arbres,Trees,direct_category,49.34112678,5.98066194,medium,1.0,,,False,49.34112678,5.98066194,2,2.68,29149 29173
F0693,ARB,Arbres,Trees,direct_category,49.34114083,5.98073452,medium,1.0,,,False,49.34114083,5.98073452,2,1.53,29125 29149
F0694,ARB,Arbres,Trees,direct_category,49.34115935,5.98068925,medium,1.0,,,False,49.34115935,5.98068925,2,2.77,29125 29149
F0695,ARB,Arbres,Trees,direct_category,49.34118641,5.98072268,medium,1.0,,,False,49.34118641,5.98072268,1,4.16,29098
F0696,ARB,Arbres,Trees,direct_category,49.34118862,5.98078043,medium,1.0,,,False,49.34118862,5.98078043,2,1.53,29068 29098
F0697,ARB,Arbres,Trees,direct_category,49.34120158,5.9808217,medium,1.0,,,False,49.34120158,5.9808217,1,7.87,29041
F0698,ARB,Arbres,Trees,direct_category,49.34121595,5.98080724,medium,1.0,,,False,49.34121595,5.98080724,3,1.53,29041 29068 29098
F0699,ARB,Arbres,Trees,direct_category,49.34122306,5.98075653,medium,1.0,,,False,49.34122306,5.98075653,2,4.02,29041 29068
F0700,ARB,Arbres,Trees,direct_category,49.34124395,5.9808314,medium,1.0,,,False,49.34124395,5.9808314,3,1.53,29014 29041 29068
F0701,ARB,Arbres,Trees,direct_category,49.34126197,5.9807769,medium,1.0,,,False,49.34126197,5.9807769,1,4.23,29041
F0702,ARB,Arbres,Trees,direct_category,49.34128418,5.98086495,medium,1.0,,,False,49.34128418,5.98086495,3,1.53,28987 29014 29041
F0703,ARB,Arbres,Trees,direct_category,49.34128898,5.98081074,medium,1.0,,,False,49.34128898,5.98081074,2,4.19,28987 29014
F0704,ARB,Arbres,Trees,direct_category,49.34130916,5.98088661,medium,1.0,,,False,49.34130916,5.98088661,3,1.53,28960 28987 29014
F0705,ARB,Arbres,Trees,direct_category,49.34132538,5.98080434,medium,1.0,,,False,49.34132538,5.98080434,1,6.37,28987
F0706,ARB,Arbres,Trees,direct_category,49.3413469,5.98085748,medium,1.0,,,False,49.3413469,5.98085748,2,6.37,28933 28960
F0707,ARB,Arbres,Trees,direct_category,49.3413536,5.98092887,medium,1.0,,,False,49.3413536,5.98092887,2,2.4,28933 28960
F0708,ARB,Arbres,Trees,direct_category,49.34137772,5.98095208,medium,1.0,,,False,49.34137772,5.98095208,2,3.65,28905 28933
F0709,ARB,Arbres,Trees,direct_category,49.34138432,5.98098525,medium,1.0,,,False,49.34138432,5.98098525,2,3.89,28933 28960
F0710,ARB,Arbres,Trees,direct_category,49.3413908,5.98089167,medium,1.0,,,False,49.3413908,5.98089167,2,2.59,28933 28960
F0711,ARB,Arbres,Trees,direct_category,49.34141788,5.98097003,medium,1.0,,,False,49.34141788,5.98097003,2,7.0,28825 28879
F0712,ARB,Arbres,Trees,direct_category,49.34143333,5.98091738,medium,1.0,,,False,49.34143333,5.98091738,2,4.19,28879 28905
F0713,ARB,Arbres,Trees,direct_category,49.34143955,5.981006,medium,1.0,,,False,49.34143955,5.981006,3,2.73,28852 28905 28960
F0714,ARB,Arbres,Trees,direct_category,49.34145008,5.98109427,medium,1.0,,,False,49.34145008,5.98109427,1,11.87,28933
F0715,ARB,Arbres,Trees,direct_category,49.34145979,5.98100227,medium,1.0,,,False,49.34145979,5.98100227,2,1.56,28879 28905
F0716,ARB,Arbres,Trees,direct_category,49.34146313,5.98094985,medium,1.0,,,False,49.34146313,5.98094985,1,2.7,28905
F0717,ARB,Arbres,Trees,direct_category,49.34149445,5.98096881,medium,1.0,,,False,49.34149445,5.98096881,2,2.57,28852 28879
F0718,ARB,Arbres,Trees,direct_category,49.3414982,5.98102406,medium,1.0,,,False,49.3414982,5.98102406,1,1.87,28852
F0719,ARB,Arbres,Trees,direct_category,49.34152331,5.9809859,medium,1.0,,,False,49.34152331,5.9809859,1,4.19,28825
F0720,ARB,Arbres,Trees,direct_category,49.34153459,5.98104392,medium,1.0,,,False,49.34153459,5.98104392,1,1.95,28825
F0721,ARB,Arbres,Trees,direct_category,49.34156621,5.98099742,medium,1.0,,,False,49.34156621,5.98099742,2,2.66,28798 28825
F0722,ARB,Arbres,Trees,direct_category,49.34156746,5.98106418,medium,1.0,,,False,49.34156746,5.98106418,1,2.68,28798
F0723,ARB,Arbres,Trees,direct_category,49.3416043,5.98102145,medium,1.0,,,False,49.3416043,5.98102145,3,2.57,28744 28770 28798
F0724,ARB,Arbres,Trees,direct_category,49.34160557,5.98107396,medium,1.0,,,False,49.34160557,5.98107396,1,2.4,28770
F0725,ARB,Arbres,Trees,direct_category,49.34162962,5.98107594,medium,1.0,,,False,49.34162962,5.98107594,1,1.53,28770
F0726,ARB,Arbres,Trees,direct_category,49.3416503,5.98101509,medium,1.0,,,False,49.3416503,5.98101509,2,3.99,28720 28744
F0727,ARB,Arbres,Trees,direct_category,49.34170206,5.98104775,medium,1.0,,,False,49.34170206,5.98104775,1,4.09,28696
F0728,ARB,Arbres,Trees,direct_category,49.34170479,5.98109576,medium,1.0,,,False,49.34170479,5.98109576,2,1.53,28669 28720
F0729,ARB,Arbres,Trees,direct_category,49.34173845,5.98104036,medium,1.0,,,False,49.34173845,5.98104036,1,4.02,28669
F0730,ARB,Arbres,Trees,direct_category,49.34174384,5.98108936,medium,1.0,,,False,49.34174384,5.98108936,1,7.27,28639
F0731,ARB,Arbres,Trees,direct_category,49.34177342,5.98102896,medium,1.0,,,False,49.34177342,5.98102896,1,4.19,28639
F0732,ARB,Arbres,Trees,direct_category,49.34180838,5.98101943,medium,1.0,,,False,49.34180838,5.98101943,2,4.19,28582 28609
F0733,ARB,Arbres,Trees,direct_category,49.34183379,5.98108622,medium,1.0,,,False,49.34183379,5.98108622,2,4.16,28582 28639
F0734,ARB,Arbres,Trees,direct_category,49.34184806,5.98098986,medium,1.0,,,False,49.34184806,5.98098986,1,3.65,28609
F0735,ARB,Arbres,Trees,direct_category,49.3418631,5.9810436,medium,1.0,,,False,49.3418631,5.9810436,2,1.53,28582 28609
F0736,ARB,Arbres,Trees,direct_category,49.34187824,5.98095746,medium,1.0,,,False,49.34187824,5.98095746,2,4.19,28522 28552
F0737,ARB,Arbres,Trees,direct_category,49.34193501,5.98097357,medium,1.0,,,False,49.34193501,5.98097357,2,1.53,28493 28522
F0738,ARB,Arbres,Trees,direct_category,49.34193584,5.9809162,medium,1.0,,,False,49.34193584,5.9809162,1,4.02,28493
F0739,ARB,Arbres,Trees,direct_category,49.34193585,5.98091611,medium,1.0,,,False,49.34193585,5.98091611,1,4.02,28493
F0740,ARB,Arbres,Trees,direct_category,49.34195183,5.98096402,medium,1.0,,,False,49.34195183,5.98096402,1,1.53,28522
F0741,ARB,Arbres,Trees,direct_category,49.341966,5.98088146,medium,1.0,,,False,49.341966,5.98088146,1,4.19,28463
F0742,ARB,Arbres,Trees,direct_category,49.34199198,5.98092162,medium,1.0,,,False,49.34199198,5.98092162,2,1.53,28463 28493
F0743,ARB,Arbres,Trees,direct_category,49.34200155,5.98084578,medium,1.0,,,False,49.34200155,5.98084578,2,3.65,28436 28463
F0744,ARB,Arbres,Trees,direct_category,49.34201434,5.98089044,medium,1.0,,,False,49.34201434,5.98089044,1,7.46,28409
F0745,ARB,Arbres,Trees,direct_category,49.34202906,5.98081733,medium,1.0,,,False,49.34202906,5.98081733,1,4.19,28409
F0746,ARB,Arbres,Trees,direct_category,49.34206653,5.98077542,medium,1.0,,,False,49.34206653,5.98077542,2,3.96,28355 28382
F0747,ARB,Arbres,Trees,direct_category,49.34210396,5.98077837,medium,1.0,,,False,49.34210396,5.98077837,1,7.46,28327
F0748,ARB,Arbres,Trees,direct_category,49.34212737,5.98071827,medium,1.0,,,False,49.34212737,5.98071827,2,4.02,28301 28327
F0749,ARB,Arbres,Trees,direct_category,49.34213595,5.9807617,medium,1.0,,,False,49.34213595,5.9807617,2,4.78,28301 28327
F0750,ARB,Arbres,Trees,direct_category,49.34214519,5.98066441,medium,1.0,,,False,49.34214519,5.98066441,1,6.37,28301
F0751,ARB,Arbres,Trees,direct_category,49.34216461,5.980751,medium,1.0,,,False,49.34216461,5.980751,2,1.57,28301 28327
F0752,ARB,Arbres,Trees,direct_category,49.34217237,5.98062948,medium,1.0,,,False,49.34217237,5.98062948,1,7.27,28274
F0753,ARB,Arbres,Trees,direct_category,49.34219272,5.98075331,medium,1.0,,,False,49.34219272,5.98075331,1,3.65,28327
F0754,ARB,Arbres,Trees,direct_category,49.34220234,5.98066349,medium,1.0,,,False,49.34220234,5.98066349,1,2.79,28301
F0755,ARB,Arbres,Trees,direct_category,49.34221993,5.98071268,medium,1.0,,,False,49.34221993,5.98071268,2,2.59,28274 28301
F0756,ARB,Arbres,Trees,direct_category,49.34223773,5.9806267,medium,1.0,,,False,49.34223773,5.9806267,2,3.65,28247 28274
F0757,ARB,Arbres,Trees,direct_category,49.34225634,5.98067048,medium,1.0,,,False,49.34225634,5.98067048,1,1.53,28247
F0758,ARB,Arbres,Trees,direct_category,49.3422697,5.98059977,medium,1.0,,,False,49.3422697,5.98059977,1,4.19,28217
F0759,ARB,Arbres,Trees,direct_category,49.34229248,5.98064726,medium,1.0,,,False,49.34229248,5.98064726,1,1.53,28217
F0760,ARB,Arbres,Trees,direct_category,49.34230097,5.98059638,medium,1.0,,,False,49.34230097,5.98059638,1,4.16,28189
F0761,ARB,Arbres,Trees,direct_category,49.34232101,5.98056444,medium,1.0,,,False,49.34232101,5.98056444,1,6.37,28160
F0762,ARB,Arbres,Trees,direct_category,49.34232935,5.98063419,medium,1.0,,,False,49.34232935,5.98063419,2,1.53,28160 28189
F0763,ARB,Arbres,Trees,direct_category,49.34236289,5.98062716,medium,1.0,,,False,49.34236289,5.98062716,1,2.4,28160
F0764,ARB,Arbres,Trees,direct_category,49.34237625,5.98055773,medium,1.0,,,False,49.34237625,5.98055773,1,4.19,28130
F0765,ARB,Arbres,Trees,direct_category,49.34239362,5.98060614,medium,1.0,,,False,49.34239362,5.98060614,3,1.53,28100 28130 28160
F0766,ARB,Arbres,Trees,direct_category,49.34241365,5.98055219,medium,1.0,,,False,49.34241365,5.98055219,1,4.19,28100
F0767,ARB,Arbres,Trees,direct_category,49.34244103,5.98059577,medium,1.0,,,False,49.34244103,5.98059577,1,1.95,28100
F0768,ARB,Arbres,Trees,direct_category,49.34246411,5.98059028,medium,1.0,,,False,49.34246411,5.98059028,1,2.14,28100
F0769,ARB,Arbres,Trees,direct_category,49.34246463,5.98052561,medium,1.0,,,False,49.34246463,5.98052561,2,4.19,28042 28073
F0770,ARB,Arbres,Trees,direct_category,49.34249681,5.98057896,medium,1.0,,,False,49.34249681,5.98057896,2,1.53,28073 28100
F0771,ARB,Arbres,Trees,direct_category,49.34252799,5.98052571,medium,1.0,,,False,49.34252799,5.98052571,2,4.19,27980 28010
F0772,ARB,Arbres,Trees,direct_category,49.34254094,5.98057839,medium,1.0,,,False,49.34254094,5.98057839,1,2.4,28042
F0773,ARB,Arbres,Trees,direct_category,49.34257335,5.98050345,medium,1.0,,,False,49.34257335,5.98050345,1,4.19,27980
F0774,ARB,Arbres,Trees,direct_category,49.34257881,5.98056317,medium,1.0,,,False,49.34257881,5.98056317,2,1.56,27980 28010
F0775,ARB,Arbres,Trees,direct_category,49.34261576,5.98049484,medium,1.0,,,False,49.34261576,5.98049484,2,3.8,27950 27980
F0776,ARB,Arbres,Trees,direct_category,49.3426277,5.98054916,medium,1.0,,,False,49.3426277,5.98054916,2,1.53,27950 28010
F0777,ARB,Arbres,Trees,direct_category,49.34264962,5.98049866,medium,1.0,,,False,49.34264962,5.98049866,1,4.02,27920
F0778,ARB,Arbres,Trees,direct_category,49.34266826,5.98054775,medium,1.0,,,False,49.34266826,5.98054775,1,1.53,27920
F0779,ARB,Arbres,Trees,direct_category,49.3426875,5.9804972,medium,1.0,,,False,49.3426875,5.9804972,1,4.19,27890
F0780,ARB,Arbres,Trees,direct_category,49.34272638,5.98050016,medium,1.0,,,False,49.34272638,5.98050016,1,4.19,27860
F0781,ARB,Arbres,Trees,direct_category,49.34275294,5.98047659,medium,1.0,,,False,49.34275294,5.98047659,1,6.75,27830
F0782,ARB,Arbres,Trees,direct_category,49.34278848,5.98049841,medium,1.0,,,False,49.34278848,5.98049841,1,6.37,27800
F0783,ARB,Arbres,Trees,direct_category,49.3428145,5.98057565,medium,1.0,,,False,49.3428145,5.98057565,2,1.53,27770 27800
F0784,ARB,Arbres,Trees,direct_category,49.34282135,5.98050773,medium,1.0,,,False,49.34282135,5.98050773,1,6.75,27770
F0785,ARB,Arbres,Trees,direct_category,49.34285401,5.98059191,medium,1.0,,,False,49.34285401,5.98059191,1,1.53,27770
F0786,ARB,Arbres,Trees,direct_category,49.34287771,5.98051477,medium,1.0,,,False,49.34287771,5.98051477,1,6.37,27740
F0787,ARB,Arbres,Trees,direct_category,49.34291488,5.98063021,medium,1.0,,,False,49.34291488,5.98063021,2,1.53,27710 27740
F0788,ARB,Arbres,Trees,direct_category,49.34292111,5.98057564,medium,1.0,,,False,49.34292111,5.98057564,2,2.79,27710 27740
F0789,ARB,Arbres,Trees,direct_category,49.34295351,5.9806105,medium,1.0,,,False,49.34295351,5.9806105,3,2.79,27596 27680 27710
F0790,ARB,Arbres,Trees,direct_category,49.34295355,5.98066667,medium,1.0,,,False,49.34295355,5.98066667,2,1.53,27650 27680
F0791,ARB,Arbres,Trees,direct_category,49.34298452,5.98060976,medium,1.0,,,False,49.34298452,5.98060976,1,5.65,27650
F0792,ARB,Arbres,Trees,direct_category,49.34299689,5.98071697,medium,1.0,,,False,49.34299689,5.98071697,1,7.46,27596
F0793,ARB,Arbres,Trees,direct_category,49.34300128,5.9807097,medium,1.0,,,False,49.34300128,5.9807097,3,1.53,27596 27623 27650
F0794,ARB,Arbres,Trees,direct_category,49.34300288,5.98075312,medium,1.0,,,False,49.34300288,5.98075312,1,6.52,27596
F0795,ARB,Arbres,Trees,direct_category,49.34301515,5.98085486,medium,1.0,,,False,49.34301515,5.98085486,1,9.41,27596
F0796,ARB,Arbres,Trees,direct_category,49.34301545,5.98066636,medium,1.0,,,False,49.34301545,5.98066636,2,4.19,27596 27623
F0797,ARB,Arbres,Trees,direct_category,49.34301906,5.98074658,medium,1.0,,,False,49.34301906,5.98074658,1,4.7,27596
F0798,ARB,Arbres,Trees,direct_category,49.34302628,5.98074648,medium,1.0,,,False,49.34302628,5.98074648,1,3.89,27596
F0799,ARB,Arbres,Trees,direct_category,49.34302793,5.98076231,medium,1.0,,,False,49.34302793,5.98076231,1,3.89,27596
F0800,ARB,Arbres,Trees,direct_category,49.34303136,5.98071402,medium,1.0,,,False,49.34303136,5.98071402,1,4.06,27596
F0801,ARB,Arbres,Trees,direct_category,49.34303246,5.98077647,medium,1.0,,,False,49.34303246,5.98077647,1,3.89,27596
F0802,ARB,Arbres,Trees,direct_category,49.34303295,5.98077755,medium,1.0,,,False,49.34303295,5.98077755,1,3.89,27596
F0803,ARB,Arbres,Trees,direct_category,49.34304652,5.98067141,medium,1.0,,,False,49.34304652,5.98067141,1,5.65,27596
F0804,ARB,Arbres,Trees,direct_category,49.34304751,5.98074958,medium,1.0,,,False,49.34304751,5.98074958,1,1.56,27596
F0805,ARB,Arbres,Trees,direct_category,49.34304916,5.98075637,medium,1.0,,,False,49.34304916,5.98075637,1,1.55,27596
F0806,ARB,Arbres,Trees,direct_category,49.34305264,5.98077533,medium,1.0,,,False,49.34305264,5.98077533,2,2.19,27569 27596
F0807,ARB,Arbres,Trees,direct_category,49.34306251,5.98079642,medium,1.0,,,False,49.34306251,5.98079642,1,3.65,27596
F0808,ARB,Arbres,Trees,direct_category,49.34307488,5.98070312,medium,1.0,,,False,49.34307488,5.98070312,1,5.65,27569
F0809,ARB,Arbres,Trees,direct_category,49.34308318,5.98074994,medium,1.0,,,False,49.34308318,5.98074994,1,14.46,27486
F0810,ARB,Arbres,Trees,direct_category,49.34310758,5.98080998,medium,1.0,,,False,49.34310758,5.98080998,1,1.53,27542
F0811,ARB,Arbres,Trees,direct_category,49.34311238,5.98075147,medium,1.0,,,False,49.34311238,5.98075147,1,4.19,27542
F0812,ARB,Arbres,Trees,direct_category,49.34312064,5.98085208,medium,1.0,,,False,49.34312064,5.98085208,1,3.22,27542
F0813,ARB,Arbres,Trees,direct_category,49.34313897,5.98079516,medium,1.0,,,False,49.34313897,5.98079516,2,4.19,27486 27515
F0814,ARB,Arbres,Trees,direct_category,49.34315676,5.98087936,medium,1.0,,,False,49.34315676,5.98087936,1,3.65,27486
F0815,ARB,Arbres,Trees,direct_category,49.34318465,5.98080973,medium,1.0,,,False,49.34318465,5.98080973,1,4.16,27486
F0816,ARB,Arbres,Trees,direct_category,49.34320626,5.98084335,medium,1.0,,,False,49.34320626,5.98084335,1,4.19,27459
F0817,ARB,Arbres,Trees,direct_category,49.34320715,5.9809111,medium,1.0,,,False,49.34320715,5.9809111,2,1.56,27429 27459
F0818,ARB,Arbres,Trees,direct_category,49.34323922,5.98087402,medium,1.0,,,False,49.34323922,5.98087402,1,4.19,27429
F0819,ARB,Arbres,Trees,direct_category,49.34327025,5.98096782,medium,1.0,,,False,49.34327025,5.98096782,1,1.56,27402
F0820,ARB,Arbres,Trees,direct_category,49.34327131,5.98091172,medium,1.0,,,False,49.34327131,5.98091172,2,2.79,27402 27429
F0821,ARB,Arbres,Trees,direct_category,49.34329675,5.9809455,medium,1.0,,,False,49.34329675,5.9809455,2,4.19,27345 27375
F0822,ARB,Arbres,Trees,direct_category,49.34330115,5.98099944,medium,1.0,,,False,49.34330115,5.98099944,1,1.56,27375
F0823,ARB,Arbres,Trees,direct_category,49.34333373,5.98102543,medium,1.0,,,False,49.34333373,5.98102543,1,1.55,27345
F0824,ARB,Arbres,Trees,direct_category,49.34333584,5.98096651,medium,1.0,,,False,49.34333584,5.98096651,1,4.19,27345
F0825,ARB,Arbres,Trees,direct_category,49.34334833,5.98104262,medium,1.0,,,False,49.34334833,5.98104262,2,1.56,27279 27345
F0826,ARB,Arbres,Trees,direct_category,49.34336886,5.98100003,medium,1.0,,,False,49.34336886,5.98100003,1,4.19,27312
F0827,ARB,Arbres,Trees,direct_category,49.34339118,5.98109599,medium,1.0,,,False,49.34339118,5.98109599,2,1.56,27279 27312
F0828,ARB,Arbres,Trees,direct_category,49.34340058,5.98103559,medium,1.0,,,False,49.34340058,5.98103559,2,2.79,27279 27312
F0829,ARB,Arbres,Trees,direct_category,49.3434102,5.98111288,medium,1.0,,,False,49.3434102,5.98111288,1,1.53,27279
F0830,ARB,Arbres,Trees,direct_category,49.34343157,5.98107096,medium,1.0,,,False,49.34343157,5.98107096,2,2.79,27246 27279
F0831,ARB,Arbres,Trees,direct_category,49.34345723,5.98116717,medium,1.0,,,False,49.34345723,5.98116717,1,1.56,27216
F0832,ARB,Arbres,Trees,direct_category,49.34346114,5.9811103,medium,1.0,,,False,49.34346114,5.9811103,3,2.57,27182 27216 27246
F0833,ARB,Arbres,Trees,direct_category,49.34347966,5.98119362,medium,1.0,,,False,49.34347966,5.98119362,3,1.53,27153 27182 27216
F0834,ARB,Arbres,Trees,direct_category,49.34349492,5.98114798,medium,1.0,,,False,49.34349492,5.98114798,2,2.79,27182 27216
F0835,ARB,Arbres,Trees,direct_category,49.34351749,5.98124148,medium,1.0,,,False,49.34351749,5.98124148,1,1.57,27153
F0836,ARB,Arbres,Trees,direct_category,49.34352608,5.98118466,medium,1.0,,,False,49.34352608,5.98118466,3,2.68,27123 27153 27182
F0837,ARB,Arbres,Trees,direct_category,49.34353223,5.98126983,medium,1.0,,,False,49.34353223,5.98126983,1,2.57,27153
F0838,ARB,Arbres,Trees,direct_category,49.34355496,5.98121619,medium,1.0,,,False,49.34355496,5.98121619,1,2.99,27153
F0839,ARB,Arbres,Trees,direct_category,49.34356265,5.98128603,medium,1.0,,,False,49.34356265,5.98128603,2,1.53,27057 27123
F0840,ARB,Arbres,Trees,direct_category,49.3435857,5.98124641,medium,1.0,,,False,49.3435857,5.98124641,3,2.72,27057 27090 27123
F0841,ARB,Arbres,Trees,direct_category,49.34360012,5.98132104,medium,1.0,,,False,49.34360012,5.98132104,3,1.53,27021 27057 27090
F0842,ARB,Arbres,Trees,direct_category,49.34363656,5.9813549,medium,1.0,,,False,49.34363656,5.9813549,2,2.49,27021 27057
F0843,ARB,Arbres,Trees,direct_category,49.34364299,5.98128374,medium,1.0,,,False,49.34364299,5.98128374,4,2.79,26985 27021 27057 27090
F0844,ARB,Arbres,Trees,direct_category,49.34367835,5.98140335,medium,1.0,,,False,49.34367835,5.98140335,2,5.65,26985 27021
F0845,ARB,Arbres,Trees,direct_category,49.34368394,5.98130463,medium,1.0,,,False,49.34368394,5.98130463,2,2.79,26946 27021
F0846,ARB,Arbres,Trees,direct_category,49.34372696,5.98128184,medium,1.0,,,False,49.34372696,5.98128184,3,2.59,26904 26946 26985
F0847,ARB,Arbres,Trees,direct_category,49.34372919,5.98139931,medium,1.0,,,False,49.34372919,5.98139931,2,6.37,26946 26985
F0848,ARB,Arbres,Trees,direct_category,49.34376109,5.98134605,medium,1.0,,,False,49.34376109,5.98134605,2,3.65,26904 26946
F0849,ARB,Arbres,Trees,direct_category,49.34376689,5.9812548,medium,1.0,,,False,49.34376689,5.9812548,3,2.4,26862 26904 26946
F0850,ARB,Arbres,Trees,direct_category,49.34378758,5.98122102,medium,1.0,,,False,49.34378758,5.98122102,1,3.83,26820
F0851,ARB,Arbres,Trees,direct_category,49.34380332,5.98132225,medium,1.0,,,False,49.34380332,5.98132225,2,4.57,26862 26904
F0852,ARB,Arbres,Trees,direct_category,49.34381035,5.98117561,medium,1.0,,,False,49.34381035,5.98117561,2,2.59,26781 26820
F0853,ARB,Arbres,Trees,direct_category,49.34382637,5.98124596,medium,1.0,,,False,49.34382637,5.98124596,2,2.79,26820 26862
F0854,ARB,Arbres,Trees,direct_category,49.34382993,5.98111801,medium,1.0,,,False,49.34382993,5.98111801,3,3.65,26697 26741 26781
F0855,ARB,Arbres,Trees,direct_category,49.34384587,5.98120267,medium,1.0,,,False,49.34384587,5.98120267,2,2.49,26781 26820
F0856,ARB,Arbres,Trees,direct_category,49.34385476,5.98106971,medium,1.0,,,False,49.34385476,5.98106971,1,3.65,26741
F0857,ARB,Arbres,Trees,direct_category,49.34386867,5.98115674,medium,1.0,,,False,49.34386867,5.98115674,2,2.59,26741 26781
F0858,ARB,Arbres,Trees,direct_category,49.3438754,5.98103945,medium,1.0,,,False,49.3438754,5.98103945,2,2.79,26655 26697
F0859,ARB,Arbres,Trees,direct_category,49.34389048,5.98098955,medium,1.0,,,False,49.34389048,5.98098955,2,2.79,26619 26655
F0860,ARB,Arbres,Trees,direct_category,49.34389344,5.98110894,medium,1.0,,,False,49.34389344,5.98110894,3,2.59,26619 26697 26741
F0861,ARB,Arbres,Trees,direct_category,49.34390639,5.98094113,medium,1.0,,,False,49.34390639,5.98094113,1,4.57,26586
F0862,ARB,Arbres,Trees,direct_category,49.34391348,5.98106878,medium,1.0,,,False,49.34391348,5.98106878,2,2.7,26655 26697
F0863,ARB,Arbres,Trees,direct_category,49.34392894,5.98099702,medium,1.0,,,False,49.34392894,5.98099702,3,1.56,26514 26619 26655
F0864,ARB,Arbres,Trees,direct_category,49.34393234,5.98089864,medium,1.0,,,False,49.34393234,5.98089864,1,4.16,26550
F0865,ARB,Arbres,Trees,direct_category,49.34394776,5.98094829,medium,1.0,,,False,49.34394776,5.98094829,1,1.53,26586
F0866,ARB,Arbres,Trees,direct_category,49.34395494,5.98084779,medium,1.0,,,False,49.34395494,5.98084779,1,4.02,26514
F0867,ARB,Arbres,Trees,direct_category,49.34397028,5.98089876,medium,1.0,,,False,49.34397028,5.98089876,2,1.53,26514 26550
F0868,ARB,Arbres,Trees,direct_category,49.34397647,5.98079936,medium,1.0,,,False,49.34397647,5.98079936,1,4.19,26485
F0869,ARB,Arbres,Trees,direct_category,49.34399386,5.98084969,medium,1.0,,,False,49.34399386,5.98084969,1,1.56,26514
F0870,ARB,Arbres,Trees,direct_category,49.34399706,5.98070841,medium,1.0,,,False,49.34399706,5.98070841,1,6.37,26416
F0871,ARB,Arbres,Trees,direct_category,49.34400432,5.98075304,medium,1.0,,,False,49.34400432,5.98075304,3,2.79,26416 26451 26485
F0872,ARB,Arbres,Trees,direct_category,49.34401685,5.98081391,medium,1.0,,,False,49.34401685,5.98081391,1,1.89,26485
F0873,ARB,Arbres,Trees,direct_category,49.34403199,5.98077784,medium,1.0,,,False,49.34403199,5.98077784,2,1.53,26451 26485
F0874,ARB,Arbres,Trees,direct_category,49.34404698,5.98066643,medium,1.0,,,False,49.34404698,5.98066643,2,4.19,26353 26383
F0875,ARB,Arbres,Trees,direct_category,49.34404857,5.9807148,medium,1.0,,,False,49.34404857,5.9807148,3,1.56,26383 26416 26451
F0876,ARB,Arbres,Trees,direct_category,49.34407502,5.98062083,medium,1.0,,,False,49.34407502,5.98062083,2,4.19,26313 26353
F0877,ARB,Arbres,Trees,direct_category,49.34408314,5.98067682,medium,1.0,,,False,49.34408314,5.98067682,1,1.56,26383
F0878,ARB,Arbres,Trees,direct_category,49.34410129,5.98057022,medium,1.0,,,False,49.34410129,5.98057022,1,4.19,26313
F0879,ARB,Arbres,Trees,direct_category,49.34411156,5.98065206,medium,1.0,,,False,49.34411156,5.98065206,1,2.77,26353
F0880,ARB,Arbres,Trees,direct_category,49.34413099,5.98053528,medium,1.0,,,False,49.34413099,5.98053528,2,4.19,26254 26284
F0881,ARB,Arbres,Trees,direct_category,49.3441383,5.98060088,medium,1.0,,,False,49.3441383,5.98060088,2,1.74,26284 26313
F0882,ARB,Arbres,Trees,direct_category,49.34416211,5.98047729,medium,1.0,,,False,49.34416211,5.98047729,1,4.57,26284
F0883,ARB,Arbres,Trees,direct_category,49.34416918,5.98056376,medium,1.0,,,False,49.34416918,5.98056376,1,1.74,26284
F0884,ARB,Arbres,Trees,direct_category,49.34419084,5.98046753,medium,1.0,,,False,49.34419084,5.98046753,1,4.16,26224
F0885,ARB,Arbres,Trees,direct_category,49.34421974,5.98042268,medium,1.0,,,False,49.34421974,5.98042268,1,4.19,26194
F0886,ARB,Arbres,Trees,direct_category,49.34425219,5.9803955,medium,1.0,,,False,49.34425219,5.9803955,1,4.19,26163
F0887,ARB,Arbres,Trees,direct_category,49.34428558,5.98035817,medium,1.0,,,False,49.34428558,5.98035817,2,2.66,26131 26163
F0888,ARB,Arbres,Trees,direct_category,49.34431649,5.98038472,medium,1.0,,,False,49.34431649,5.98038472,1,1.87,26131
F0889,ARB,Arbres,Trees,direct_category,49.3443179,5.98031965,medium,1.0,,,False,49.3443179,5.98031965,2,2.79,26098 26131
F0890,ARB,Arbres,Trees,direct_category,49.34433044,5.9802751,medium,1.0,,,False,49.34433044,5.9802751,1,6.22,26062
F0891,ARB,Arbres,Trees,direct_category,49.34436789,5.98029438,medium,1.0,,,False,49.34436789,5.98029438,1,5.65,26022
F0892,ARB,Arbres,Trees,direct_category,49.34439351,5.98024149,medium,1.0,,,False,49.34439351,5.98024149,3,2.79,25987 26022 26062
F0893,ARB,Arbres,Trees,direct_category,49.34441821,5.98028301,medium,1.0,,,False,49.34441821,5.98028301,1,1.53,26022
F0894,ARB,Arbres,Trees,direct_category,49.34443913,5.98024804,medium,1.0,,,False,49.34443913,5.98024804,1,1.53,25987
F0895,ARB,Arbres,Trees,direct_category,49.34444398,5.98018801,medium,1.0,,,False,49.34444398,5.98018801,2,2.79,25948 25987
F0896,ARB,Arbres,Trees,direct_category,49.34446416,5.98022799,medium,1.0,,,False,49.34446416,5.98022799,2,1.53,25948 25987
F0897,ARB,Arbres,Trees,direct_category,49.34448031,5.98012148,medium,1.0,,,False,49.34448031,5.98012148,1,4.78,25903
F0898,ARB,Arbres,Trees,direct_category,49.34448385,5.98014938,medium,1.0,,,False,49.34448385,5.98014938,3,3.65,25855 25903 25948
F0899,ARB,Arbres,Trees,direct_category,49.34449271,5.98010569,medium,1.0,,,False,49.34449271,5.98010569,1,5.06,25903
F0900,ARB,Arbres,Trees,direct_category,49.34449858,5.9802172,medium,1.0,,,False,49.34449858,5.9802172,1,7.27,25855
F0901,ARB,Arbres,Trees,direct_category,49.34452134,5.98010675,medium,1.0,,,False,49.34452134,5.98010675,3,3.22,25798 25855 25903
F0902,ARB,Arbres,Trees,direct_category,49.3445233,5.98007118,medium,1.0,,,False,49.3445233,5.98007118,3,4.34,25737 25798 25903
F0903,ARB,Arbres,Trees,direct_category,49.34453597,5.98016238,medium,1.0,,,False,49.34453597,5.98016238,1,1.95,25855
F0904,ARB,Arbres,Trees,direct_category,49.34454628,5.98005878,medium,1.0,,,False,49.34454628,5.98005878,2,2.79,25798 25903
F0905,ARB,Arbres,Trees,direct_category,49.34455799,5.97989767,medium,1.0,,,False,49.34455799,5.97989767,2,7.27,22789 23125
F0906,ARB,Arbres,Trees,direct_category,49.34456256,5.98011283,medium,1.0,,,False,49.34456256,5.98011283,2,1.53,25675 25798
F0907,ARB,Arbres,Trees,direct_category,49.34456303,5.98001018,medium,1.0,,,False,49.34456303,5.98001018,3,2.99,25587 25675 25737
F0908,ARB,Arbres,Trees,direct_category,49.34456907,5.97994757,medium,1.0,,,False,49.34456907,5.97994757,3,4.53,23125 25587 25675
F0909,ARB,Arbres,Trees,direct_category,49.34458279,5.98007791,medium,1.0,,,False,49.34458279,5.98007791,1,2.4,25737
F0910,ARB,Arbres,Trees,direct_category,49.34458909,5.97978514,medium,1.0,,,False,49.34458909,5.97978514,1,7.46,22789
F0911,ARB,Arbres,Trees,direct_category,49.34459606,5.97971675,medium,1.0,,,False,49.34459606,5.97971675,1,13.48,21950
F0912,ARB,Arbres,Trees,direct_category,49.34459924,5.98004092,medium,1.0,,,False,49.34459924,5.98004092,2,2.19,25675 25737
F0913,ARB,Arbres,Trees,direct_category,49.34460385,5.97985832,medium,1.0,,,False,49.34460385,5.97985832,2,3.6,22576 23125
F0914,ARB,Arbres,Trees,direct_category,49.3446119,5.98000023,medium,1.0,,,False,49.3446119,5.98000023,5,1.55,22576 22654 22789 25587 25675
F0915,ARB,Arbres,Trees,direct_category,49.34462885,5.97994441,medium,1.0,,,False,49.34462885,5.97994441,6,2.27,18722 21950 22031 22522 23125 25587
F0916,ARB,Arbres,Trees,direct_category,49.34463679,5.97981484,medium,1.0,,,False,49.34463679,5.97981484,3,5.65,18722 22031 22654
F0917,ARB,Arbres,Trees,direct_category,49.34464577,5.97969556,medium,1.0,,,False,49.34464577,5.97969556,1,14.46,23125
F0918,ARB,Arbres,Trees,direct_category,49.34465114,5.9797611,medium,1.0,,,False,49.34465114,5.9797611,4,5.48,18644 18722 22522 22789
F0919,ARB,Arbres,Trees,direct_category,49.34466223,5.97995061,medium,1.0,,,False,49.34466223,5.97995061,2,5.42,21950 23125
F0920,ARB,Arbres,Trees,direct_category,49.34468619,5.97982977,medium,1.0,,,False,49.34468619,5.97982977,5,3.96,18599 18644 22082 22576 22654
F0921,ARB,Arbres,Trees,direct_category,49.34469499,5.97994114,medium,1.0,,,False,49.34469499,5.97994114,3,5.06,18722 22031 22082
F0922,ARB,Arbres,Trees,direct_category,49.34470198,5.97970431,medium,1.0,,,False,49.34470198,5.97970431,3,5.96,18563 18644 18722
F0923,ARB,Arbres,Trees,direct_category,49.34470744,5.98002839,medium,1.0,,,False,49.34470744,5.98002839,2,9.72,22454 22654
F0924,ARB,Arbres,Trees,direct_category,49.34472532,5.9800909,medium,1.0,,,False,49.34472532,5.9800909,1,12.9,22522
F0925,ARB,Arbres,Trees,direct_category,49.34472708,5.97993317,medium,1.0,,,False,49.34472708,5.97993317,3,3.93,18722 22031 22129
F0926,ARB,Arbres,Trees,direct_category,49.34474145,5.97985489,medium,1.0,,,False,49.34474145,5.97985489,5,4.16,18506 18563 22522 22576 23125
F0927,ARB,Arbres,Trees,direct_category,49.34475358,5.97981536,medium,1.0,,,False,49.34475358,5.97981536,1,12.37,22789
F0928,ARB,Arbres,Trees,direct_category,49.34475558,5.97996142,medium,1.0,,,False,49.34475558,5.97996142,2,4.83,18644 22082
F0929,ARB,Arbres,Trees,direct_category,49.34475559,5.97974852,medium,1.0,,,False,49.34475559,5.97974852,4,3.99,18599 18644 18722 22654
F0930,ARB,Arbres,Trees,direct_category,49.34476099,5.97990058,medium,1.0,,,False,49.34476099,5.97990058,5,4.19,18532 18599 18722 22454 22654
F0931,ARB,Arbres,Trees,direct_category,49.34477933,5.97998946,medium,1.0,,,False,49.34477933,5.97998946,4,4.19,21950 22129 22196 22576
F0932,ARB,Arbres,Trees,direct_category,49.34478889,5.9797848,medium,1.0,,,False,49.34478889,5.9797848,5,4.09,18563 18599 21950 22129 22654
F0933,ARB,Arbres,Trees,direct_category,49.3447935,5.98010528,medium,1.0,,,False,49.3447935,5.98010528,1,11.87,22454
F0934,ARB,Arbres,Trees,direct_category,49.34479857,5.97992851,medium,1.0,,,False,49.34479857,5.97992851,2,6.75,18506 18563
F0935,ARB,Arbres,Trees,direct_category,49.3448094,5.9798809,medium,1.0,,,False,49.3448094,5.9798809,3,6.37,18483 22454 22522
F0936,ARB,Arbres,Trees,direct_category,49.34481888,5.97980735,medium,1.0,,,False,49.34481888,5.97980735,4,4.49,18532 18563 22031 22196
F0937,ARB,Arbres,Trees,direct_category,49.34482649,5.98000806,medium,1.0,,,False,49.34482649,5.98000806,2,4.16,18532 22196
F0938,ARB,Arbres,Trees,direct_category,49.34482762,5.97995471,medium,1.0,,,False,49.34482762,5.97995471,1,7.27,18483
F0939,ARB,Arbres,Trees,direct_category,49.34483966,5.97991668,medium,1.0,,,False,49.34483966,5.97991668,1,9.89,18462
F0940,ARB,Arbres,Trees,direct_category,49.34485432,5.97983621,medium,1.0,,,False,49.34485432,5.97983621,4,4.57,18506 18532 18644 22082
F0941,ARB,Arbres,Trees,direct_category,49.34486322,5.97999704,medium,1.0,,,False,49.34486322,5.97999704,2,6.83,18462 18506
F0942,ARB,Arbres,Trees,direct_category,49.34488955,5.97987155,medium,1.0,,,False,49.34488955,5.97987155,4,4.57,18483 18506 22129 22196
F0943,ARB,Arbres,Trees,direct_category,49.34489771,5.98002088,medium,1.0,,,False,49.34489771,5.98002088,2,6.37,18441 18483
F0944,ARB,Arbres,Trees,direct_category,49.34491426,5.97991483,medium,1.0,,,False,49.34491426,5.97991483,4,2.55,18399 18441 18462 18483
F0945,ARB,Arbres,Trees,direct_category,49.34492973,5.98005836,medium,1.0,,,False,49.34492973,5.98005836,1,6.75,18462
F0946,ARB,Arbres,Trees,direct_category,49.34495834,5.98007893,medium,1.0,,,False,49.34495834,5.98007893,3,5.53,18399 18420 18441
F0947,ARB,Arbres,Trees,direct_category,49.34496224,5.97993319,medium,1.0,,,False,49.34496224,5.97993319,3,4.57,18399 18420 18462
F0948,ARB,Arbres,Trees,direct_category,49.34497205,5.9801663,medium,1.0,,,False,49.34497205,5.9801663,1,12.11,18348
F0949,ARB,Arbres,Trees,direct_category,49.34499084,5.9799645,medium,1.0,,,False,49.34499084,5.9799645,1,4.57,18441
F0950,ARB,Arbres,Trees,direct_category,49.34499627,5.97992015,medium,1.0,,,False,49.34499627,5.97992015,1,10.41,18399
F0951,ARB,Arbres,Trees,direct_category,49.34500372,5.98003094,medium,1.0,,,False,49.34500372,5.98003094,1,6.75,18375
F0952,ARB,Arbres,Trees,direct_category,49.3450063,5.98010905,medium,1.0,,,False,49.3450063,5.98010905,2,3.99,18375 18420
F0953,ARB,Arbres,Trees,direct_category,49.34504237,5.97997382,medium,1.0,,,False,49.34504237,5.97997382,2,7.27,18399 18420
F0954,ARB,Arbres,Trees,direct_category,49.34504401,5.98015806,medium,1.0,,,False,49.34504401,5.98015806,1,4.57,18375
F0955,ARB,Arbres,Trees,direct_category,49.34504957,5.98002098,medium,1.0,,,False,49.34504957,5.98002098,2,4.57,18375 18399
F0956,ARB,Arbres,Trees,direct_category,49.34506799,5.9802096,medium,1.0,,,False,49.34506799,5.9802096,2,4.57,18321 18348
F0957,ARB,Arbres,Trees,direct_category,49.34509016,5.98006134,medium,1.0,,,False,49.34509016,5.98006134,3,5.65,18321 18348 18375
F0958,ARB,Arbres,Trees,direct_category,49.3451033,5.98023317,medium,1.0,,,False,49.3451033,5.98023317,1,4.19,18321
F0959,ARB,Arbres,Trees,direct_category,49.34511838,5.98011413,medium,1.0,,,False,49.34511838,5.98011413,1,4.61,18348
F0960,ARB,Arbres,Trees,direct_category,49.34514389,5.9801452,medium,1.0,,,False,49.34514389,5.9801452,3,5.11,18261 18294 18321
F0961,ARB,Arbres,Trees,direct_category,49.34514455,5.98037163,medium,1.0,,,False,49.34514455,5.98037163,1,4.19,17838
F0962,ARB,Arbres,Trees,direct_category,49.34514707,5.9803004,medium,1.0,,,False,49.34514707,5.9803004,2,2.66,17790 18261
F0963,ARB,Arbres,Trees,direct_category,49.34517271,5.98034704,medium,1.0,,,False,49.34517271,5.98034704,1,5.65,17754
F0964,ARB,Arbres,Trees,direct_category,49.3451866,5.98019896,medium,1.0,,,False,49.3451866,5.98019896,2,6.92,17838 18294
F0965,ARB,Arbres,Trees,direct_category,49.34519061,5.98024602,medium,1.0,,,False,49.34519061,5.98024602,1,9.89,17754
F0966,ARB,Arbres,Trees,direct_category,49.34519788,5.98043413,medium,1.0,,,False,49.34519788,5.98043413,1,6.37,17790
F0967,ARB,Arbres,Trees,direct_category,49.34520076,5.98035278,medium,1.0,,,False,49.34520076,5.98035278,1,6.75,17721
F0968,ARB,Arbres,Trees,direct_category,49.34520755,5.98038795,medium,1.0,,,False,49.34520755,5.98038795,2,1.67,17721 17754
F0969,ARB,Arbres,Trees,direct_category,49.34520795,5.98028427,medium,1.0,,,False,49.34520795,5.98028427,1,9.89,17721
F0970,ARB,Arbres,Trees,direct_category,49.34523074,5.98019912,medium,1.0,,,False,49.34523074,5.98019912,1,9.72,18261
F0971,ARB,Arbres,Trees,direct_category,49.34523521,5.98045874,medium,1.0,,,False,49.34523521,5.98045874,1,5.65,17688
F0972,ARB,Arbres,Trees,direct_category,49.34525623,5.98033145,medium,1.0,,,False,49.34525623,5.98033145,2,7.18,17688 17838
F0973,ARB,Arbres,Trees,direct_category,49.34527627,5.98042108,medium,1.0,,,False,49.34527627,5.98042108,1,5.37,17655
F0974,ARB,Arbres,Trees,direct_category,49.34527996,5.98026331,medium,1.0,,,False,49.34527996,5.98026331,2,9.72,17721 17790
F0975,ARB,Arbres,Trees,direct_category,49.34528541,5.98045715,medium,1.0,,,False,49.34528541,5.98045715,3,1.53,17625 17655 17688
F0976,ARB,Arbres,Trees,direct_category,49.34529509,5.98051579,medium,1.0,,,False,49.34529509,5.98051579,1,5.71,17625
F0977,ARB,Arbres,Trees,direct_category,49.34530892,5.98025394,medium,1.0,,,False,49.34530892,5.98025394,1,13.19,17754
F0978,ARB,Arbres,Trees,direct_category,49.34531417,5.98054632,medium,1.0,,,False,49.34531417,5.98054632,2,5.65,17592 17655
F0979,ARB,Arbres,Trees,direct_category,49.34531467,5.98034495,medium,1.0,,,False,49.34531467,5.98034495,3,7.98,17625 17655 17721
F0980,ARB,Arbres,Trees,direct_category,49.3453342,5.98048159,medium,1.0,,,False,49.3453342,5.98048159,1,5.65,17592
F0981,ARB,Arbres,Trees,direct_category,49.3453394,5.98063109,medium,1.0,,,False,49.3453394,5.98063109,1,12.11,17519
F0982,ARB,Arbres,Trees,direct_category,49.34534543,5.98056812,medium,1.0,,,False,49.34534543,5.98056812,1,7.27,17556
F0983,ARB,Arbres,Trees,direct_category,49.34534865,5.9803671,medium,1.0,,,False,49.34534865,5.9803671,2,8.33,17592 17688
F0984,ARB,Arbres,Trees,direct_category,49.34536366,5.9805083,medium,1.0,,,False,49.34536366,5.9805083,2,6.44,17519 17556
F0985,ARB,Arbres,Trees,direct_category,49.34538861,5.98069135,medium,1.0,,,False,49.34538861,5.98069135,1,12.11,17592
F0986,ARB,Arbres,Trees,direct_category,49.34540572,5.98037965,medium,1.0,,,False,49.34540572,5.98037965,2,12.11,17556 17655
F0987,ARB,Arbres,Trees,direct_category,49.3454061,5.98054606,medium,1.0,,,False,49.3454061,5.98054606,1,8.84,17481
F0988,ARB,Arbres,Trees,direct_category,49.34541129,5.9807361,medium,1.0,,,False,49.34541129,5.9807361,1,13.19,17556
F0989,ARB,Arbres,Trees,direct_category,49.34541538,5.98043194,medium,1.0,,,False,49.34541538,5.98043194,2,9.12,17519 17625
F0990,ARB,Arbres,Trees,direct_category,49.34541735,5.98062473,medium,1.0,,,False,49.34541735,5.98062473,1,6.37,17481
F0991,ARB,Arbres,Trees,direct_category,49.34543274,5.98055479,medium,1.0,,,False,49.34543274,5.98055479,1,10.23,17398
F0992,ARB,Arbres,Trees,direct_category,49.3454542,5.98067429,medium,1.0,,,False,49.3454542,5.98067429,1,6.92,17519
F0993,ARB,Arbres,Trees,direct_category,49.34545701,5.98045352,medium,1.0,,,False,49.34545701,5.98045352,2,9.72,17481 17592
F0994,ARB,Arbres,Trees,direct_category,49.34548736,5.98048633,medium,1.0,,,False,49.34548736,5.98048633,1,9.89,17556
F0995,ARB,Arbres,Trees,direct_category,49.3454925,5.98063999,medium,1.0,,,False,49.3454925,5.98063999,1,1.53,17398
F0996,ARB,Arbres,Trees,direct_category,49.34550478,5.98066412,medium,1.0,,,False,49.34550478,5.98066412,2,1.67,17308 17398
F0997,ARB,Arbres,Trees,direct_category,49.34550586,5.98074021,medium,1.0,,,False,49.34550586,5.98074021,1,6.52,17308
F0998,ARB,Arbres,Trees,direct_category,49.34550959,5.98051384,medium,1.0,,,False,49.34550959,5.98051384,2,8.1,17398 17519
F0999,ARB,Arbres,Trees,direct_category,49.34552182,5.98056931,medium,1.0,,,False,49.34552182,5.98056931,1,7.18,17308
F1000,ARB,Arbres,Trees,direct_category,49.34553904,5.98068376,medium,1.0,,,False,49.34553904,5.98068376,3,1.67,17224 17263 17308
F1001,ARB,Arbres,Trees,direct_category,49.34555442,5.98055421,medium,1.0,,,False,49.34555442,5.98055421,2,9.41,17263 17481
F1002,ARB,Arbres,Trees,direct_category,49.34559136,5.98054439,medium,1.0,,,False,49.34559136,5.98054439,1,12.9,17224
F1003,ARB,Arbres,Trees,direct_category,49.34560305,5.98075287,medium,1.0,,,False,49.34560305,5.98075287,1,2.27,17224
F1004,ARB,Arbres,Trees,direct_category,49.34562412,5.98063751,medium,1.0,,,False,49.34562412,5.98063751,3,7.27,17185 17263 17308
F1005,ARB,Arbres,Trees,direct_category,49.34562965,5.98079935,medium,1.0,,,False,49.34562965,5.98079935,1,3.83,17149
F1006,ARB,Arbres,Trees,direct_category,49.3456336,5.98073328,medium,1.0,,,False,49.3456336,5.98073328,1,5.37,17149
F1007,ARB,Arbres,Trees,direct_category,49.34565328,5.98068516,medium,1.0,,,False,49.34565328,5.98068516,1,7.77,17149
F1008,ARB,Arbres,Trees,direct_category,49.34566197,5.98077819,medium,1.0,,,False,49.34566197,5.98077819,1,5.06,17119
F1009,ARB,Arbres,Trees,direct_category,49.34568168,5.98064948,medium,1.0,,,False,49.34568168,5.98064948,2,9.72,17119 17224
F1010,ARB,Arbres,Trees,direct_category,49.34568949,5.98082375,medium,1.0,,,False,49.34568949,5.98082375,1,4.97,17088
F1011,ARB,Arbres,Trees,direct_category,49.34570893,5.9807398,medium,1.0,,,False,49.34570893,5.9807398,1,8.71,17088
F1012,ARB,Arbres,Trees,direct_category,49.34572313,5.98084857,medium,1.0,,,False,49.34572313,5.98084857,1,5.21,17059
F1013,ARB,Arbres,Trees,direct_category,49.34574977,5.98087742,medium,1.0,,,False,49.34574977,5.98087742,1,5.65,17026
F1014,ARB,Arbres,Trees,direct_category,49.34575241,5.98073047,medium,1.0,,,False,49.34575241,5.98073047,3,9.72,17059 17149 17185
F1015,ARB,Arbres,Trees,direct_category,49.34577256,5.9809255,medium,1.0,,,False,49.34577256,5.9809255,2,2.68,16987 17026
F1016,ARB,Arbres,Trees,direct_category,49.34578545,5.98079903,medium,1.0,,,False,49.34578545,5.98079903,2,7.77,17026 17088
F1017,ARB,Arbres,Trees,direct_category,49.34579603,5.98073928,medium,1.0,,,False,49.34579603,5.98073928,2,11.64,16774 17119
F1018,ARB,Arbres,Trees,direct_category,49.34580064,5.98094958,medium,1.0,,,False,49.34580064,5.98094958,2,2.4,16936 17026
F1019,ARB,Arbres,Trees,direct_category,49.34582248,5.98089988,medium,1.0,,,False,49.34582248,5.98089988,2,7.27,16774 16858
F1020,ARB,Arbres,Trees,direct_category,49.34584293,5.9809882,medium,1.0,,,False,49.34584293,5.9809882,2,3.39,16936 16987
F1021,ARB,Arbres,Trees,direct_category,49.34584392,5.98080384,medium,1.0,,,False,49.34584392,5.98080384,3,9.89,16639 16936 17059
F1022,ARB,Arbres,Trees,direct_category,49.34585036,5.98086332,medium,1.0,,,False,49.34585036,5.98086332,1,7.46,17026
F1023,ARB,Arbres,Trees,direct_category,49.34587448,5.98091564,medium,1.0,,,False,49.34587448,5.98091564,2,10.6,16534 16639
F1024,ARB,Arbres,Trees,direct_category,49.34588395,5.98083486,medium,1.0,,,False,49.34588395,5.98083486,1,9.89,16987
F1025,ARB,Arbres,Trees,direct_category,49.34589737,5.98097678,medium,1.0,,,False,49.34589737,5.98097678,3,6.37,16774 16858 16936
F1026,ARB,Arbres,Trees,direct_category,49.3459054,5.98078402,medium,1.0,,,False,49.3459054,5.98078402,5,3.99,16534 16639 16774 16858 16936
F1027,ARB,Arbres,Trees,direct_category,49.34591542,5.98081731,medium,1.0,,,False,49.34591542,5.98081731,1,9.89,16936
F1028,ARB,Arbres,Trees,direct_category,49.34591922,5.9809436,medium,1.0,,,False,49.34591922,5.9809436,1,10.23,16477
F1029,ARB,Arbres,Trees,direct_category,49.34594527,5.98097653,medium,1.0,,,False,49.34594527,5.98097653,1,10.99,16439
F1030,ARB,Arbres,Trees,direct_category,49.34594696,5.98088551,medium,1.0,,,False,49.34594696,5.98088551,2,9.72,16439 16936
F1031,ARB,Arbres,Trees,direct_category,49.34595419,5.980805,medium,1.0,,,False,49.34595419,5.980805,3,2.68,16534 16639 16774
F1032,ARB,Arbres,Trees,direct_category,49.34596886,5.98102084,medium,1.0,,,False,49.34596886,5.98102084,1,11.87,16534
F1033,ARB,Arbres,Trees,direct_category,49.34597511,5.98085468,medium,1.0,,,False,49.34597511,5.98085468,2,7.98,16439 16858
F1034,ARB,Arbres,Trees,direct_category,49.34598644,5.98097841,medium,1.0,,,False,49.34598644,5.98097841,2,9.12,16403 16639
F1035,ARB,Arbres,Trees,direct_category,49.34599614,5.98083791,medium,1.0,,,False,49.34599614,5.98083791,4,3.12,16403 16439 16477 16534
F1036,ARB,Arbres,Trees,direct_category,49.34600904,5.98102103,medium,1.0,,,False,49.34600904,5.98102103,2,9.89,16373 16477
F1037,ARB,Arbres,Trees,direct_category,49.34604577,5.98095989,medium,1.0,,,False,49.34604577,5.98095989,1,10.6,16342
F1038,ARB,Arbres,Trees,direct_category,49.34604815,5.98085649,medium,1.0,,,False,49.34604815,5.98085649,2,4.26,16403 16439
F1039,ARB,Arbres,Trees,direct_category,49.34606283,5.98108384,medium,1.0,,,False,49.34606283,5.98108384,4,9.89,16313 16342 16403 16439
F1040,ARB,Arbres,Trees,direct_category,49.34606711,5.98088894,medium,1.0,,,False,49.34606711,5.98088894,1,7.66,16373
F1041,ARB,Arbres,Trees,direct_category,49.34607978,5.98094771,medium,1.0,,,False,49.34607978,5.98094771,2,7.27,16313 16342
F1042,ARB,Arbres,Trees,direct_category,49.34610523,5.98111415,medium,1.0,,,False,49.34610523,5.98111415,2,9.26,16280 16373
F1043,ARB,Arbres,Trees,direct_category,49.34612568,5.98096073,medium,1.0,,,False,49.34612568,5.98096073,2,2.79,16342 16373
F1044,ARB,Arbres,Trees,direct_category,49.34613579,5.98116669,medium,1.0,,,False,49.34613579,5.98116669,2,10.79,16247 16342
F1045,ARB,Arbres,Trees,direct_category,49.34615906,5.98099353,medium,1.0,,,False,49.34615906,5.98099353,2,2.79,16313 16342
F1046,ARB,Arbres,Trees,direct_category,49.3461632,5.98121882,medium,1.0,,,False,49.3461632,5.98121882,1,12.63,16313
F1047,ARB,Arbres,Trees,direct_category,49.34619219,5.98102224,medium,1.0,,,False,49.34619219,5.98102224,2,3.65,16280 16313
F1048,ARB,Arbres,Trees,direct_category,49.34620277,5.98108277,medium,1.0,,,False,49.34620277,5.98108277,1,8.1,16207
F1049,ARB,Arbres,Trees,direct_category,49.34620291,5.98123792,medium,1.0,,,False,49.34620291,5.98123792,2,12.11,16207 16280
F1050,ARB,Arbres,Trees,direct_category,49.34622426,5.98104391,medium,1.0,,,False,49.34622426,5.98104391,2,3.65,16247 16280
F1051,ARB,Arbres,Trees,direct_category,49.34624515,5.98102566,medium,1.0,,,False,49.34624515,5.98102566,1,4.92,16247
F1052,ARB,Arbres,Trees,direct_category,49.34624998,5.9812528,medium,1.0,,,False,49.34624998,5.9812528,1,13.48,16157
F1053,ARB,Arbres,Trees,direct_category,49.34628351,5.98105757,medium,1.0,,,False,49.34628351,5.98105757,2,4.06,15863 16157
F1054,ARB,Arbres,Trees,direct_category,49.3463102,5.98101641,medium,1.0,,,False,49.3463102,5.98101641,2,5.31,16082 16157
F1055,ARB,Arbres,Trees,direct_category,49.34631187,5.9812689,medium,1.0,,,False,49.34631187,5.9812689,1,12.9,16207
F1056,ARB,Arbres,Trees,direct_category,49.34634197,5.98110513,medium,1.0,,,False,49.34634197,5.98110513,2,8.1,10627 10672
F1057,ARB,Arbres,Trees,direct_category,49.34634737,5.98103279,medium,1.0,,,False,49.34634737,5.98103279,4,3.68,10672 10882 15947 16082
F1058,ARB,Arbres,Trees,direct_category,49.34636107,5.98114653,medium,1.0,,,False,49.34636107,5.98114653,2,12.11,10588 11152
F1059,ARB,Arbres,Trees,direct_category,49.34636148,5.98127709,medium,1.0,,,False,49.34636148,5.98127709,2,13.19,10960 16157
F1060,ARB,Arbres,Trees,direct_category,49.34637,5.98096439,medium,1.0,,,False,49.34637,5.98096439,1,14.46,16207
F1061,ARB,Arbres,Trees,direct_category,49.34638262,5.98101218,medium,1.0,,,False,49.34638262,5.98101218,5,4.09,10672 11119 11152 15863 15947
F1062,ARB,Arbres,Trees,direct_category,49.34639069,5.98136028,medium,1.0,,,False,49.34639069,5.98136028,1,13.48,10960
F1063,ARB,Arbres,Trees,direct_category,49.34640094,5.9811243,medium,1.0,,,False,49.34640094,5.9811243,1,13.48,10543
F1064,ARB,Arbres,Trees,direct_category,49.34641019,5.98089046,medium,1.0,,,False,49.34641019,5.98089046,2,10.99,11230 11251
F1065,ARB,Arbres,Trees,direct_category,49.34641299,5.98108269,medium,1.0,,,False,49.34641299,5.98108269,1,7.27,10627
F1066,ARB,Arbres,Trees,direct_category,49.34642453,5.98077773,medium,1.0,,,False,49.34642453,5.98077773,1,12.11,11251
F1067,ARB,Arbres,Trees,direct_category,49.34642681,5.98084625,medium,1.0,,,False,49.34642681,5.98084625,5,10.41,11182 11206 11230 11251 11272
F1068,ARB,Arbres,Trees,direct_category,49.34643236,5.98116653,medium,1.0,,,False,49.34643236,5.98116653,1,8.84,10543
F1069,ARB,Arbres,Trees,direct_category,49.34644365,5.98096795,medium,1.0,,,False,49.34644365,5.98096795,1,9.72,11152
F1070,ARB,Arbres,Trees,direct_category,49.34644661,5.98113429,medium,1.0,,,False,49.34644661,5.98113429,3,9.72,10543 16082 16157
F1071,ARB,Arbres,Trees,direct_category,49.34645801,5.98124021,medium,1.0,,,False,49.34645801,5.98124021,1,7.77,10046
F1072,ARB,Arbres,Trees,direct_category,49.34646339,5.98080113,medium,1.0,,,False,49.34646339,5.98080113,2,8.33,11230 11293
F1073,ARB,Arbres,Trees,direct_category,49.34646554,5.98074785,medium,1.0,,,False,49.34646554,5.98074785,2,10.23,11251 11314
F1074,ARB,Arbres,Trees,direct_category,49.34647029,5.98069562,medium,1.0,,,False,49.34647029,5.98069562,2,8.84,11293 11341
F1075,ARB,Arbres,Trees,direct_category,49.34647185,5.98144111,medium,1.0,,,False,49.34647185,5.98144111,1,12.63,9327
F1076,ARB,Arbres,Trees,direct_category,49.34647202,5.98135158,medium,1.0,,,False,49.34647202,5.98135158,1,13.48,10882
F1077,ARB,Arbres,Trees,direct_category,49.34647593,5.98097177,medium,1.0,,,False,49.34647593,5.98097177,1,13.19,11119
F1078,ARB,Arbres,Trees,direct_category,49.34647815,5.98061037,medium,1.0,,,False,49.34647815,5.98061037,5,11.42,11272 11293 11341 11371 11404
F1079,ARB,Arbres,Trees,direct_category,49.34648555,5.98152638,medium,1.0,,,False,49.34648555,5.98152638,1,14.12,9288
F1080,ARB,Arbres,Trees,direct_category,49.34648581,5.98112724,medium,1.0,,,False,49.34648581,5.98112724,1,10.41,15863
F1081,ARB,Arbres,Trees,direct_category,49.34649142,5.98133335,medium,1.0,,,False,49.34649142,5.98133335,3,5.65,10046 10882 10960
F1082,ARB,Arbres,Trees,direct_category,49.34649461,5.98127132,medium,1.0,,,False,49.34649461,5.98127132,1,13.79,10672
F1083,ARB,Arbres,Trees,direct_category,49.34649476,5.98105027,medium,1.0,,,False,49.34649476,5.98105027,1,9.41,15863
F1084,ARB,Arbres,Trees,direct_category,49.34650469,5.98115989,medium,1.0,,,False,49.34650469,5.98115989,2,6.44,11152 15947
F1085,ARB,Arbres,Trees,direct_category,49.34650575,5.98051881,medium,1.0,,,False,49.34650575,5.98051881,1,12.11,11437
F1086,ARB,Arbres,Trees,direct_category,49.34651934,5.98133245,medium,1.0,,,False,49.34651934,5.98133245,1,10.99,10960
F1087,ARB,Arbres,Trees,direct_category,49.34651942,5.9807435,medium,1.0,,,False,49.34651942,5.9807435,1,13.19,11230
F1088,ARB,Arbres,Trees,direct_category,49.34652157,5.98120802,medium,1.0,,,False,49.34652157,5.98120802,3,5.31,10543 10882 11119
F1089,ARB,Arbres,Trees,direct_category,49.34652333,5.98055461,medium,1.0,,,False,49.34652333,5.98055461,2,8.21,11314 11341
F1090,ARB,Arbres,Trees,direct_category,49.34652631,5.98107141,medium,1.0,,,False,49.34652631,5.98107141,2,5.16,11152 11182
F1091,ARB,Arbres,Trees,direct_category,49.34652641,5.98101426,medium,1.0,,,False,49.34652641,5.98101426,1,4.57,11206
F1092,ARB,Arbres,Trees,direct_category,49.34652712,5.98157901,medium,1.0,,,False,49.34652712,5.98157901,1,12.9,9252
F1093,ARB,Arbres,Trees,direct_category,49.34653105,5.98111099,medium,1.0,,,False,49.34653105,5.98111099,2,7.98,9596 11119
F1094,ARB,Arbres,Trees,direct_category,49.3465329,5.98130354,medium,1.0,,,False,49.3465329,5.98130354,2,10.41,10588 10960
F1095,ARB,Arbres,Trees,direct_category,49.3465372,5.98096923,medium,1.0,,,False,49.3465372,5.98096923,2,4.78,11206 11230
F1096,ARB,Arbres,Trees,direct_category,49.34654424,5.9814053,medium,1.0,,,False,49.34654424,5.9814053,1,12.9,10543
F1097,ARB,Arbres,Trees,direct_category,49.34654631,5.98033384,medium,1.0,,,False,49.34654631,5.98033384,3,9.89,11437 11472 11514
F1098,ARB,Arbres,Trees,direct_category,49.34654849,5.98049349,medium,1.0,,,False,49.34654849,5.98049349,1,8.33,11371
F1099,ARB,Arbres,Trees,direct_category,49.34654993,5.98090948,medium,1.0,,,False,49.34654993,5.98090948,2,5.06,11182 11251
F1100,ARB,Arbres,Trees,direct_category,49.34655392,5.98118135,medium,1.0,,,False,49.34655392,5.98118135,3,4.57,9410 9596 10627
F1101,ARB,Arbres,Trees,direct_category,49.34656865,5.98045726,medium,1.0,,,False,49.34656865,5.98045726,2,7.46,11472 11514
F1102,ARB,Arbres,Trees,direct_category,49.34657342,5.98123105,medium,1.0,,,False,49.34657342,5.98123105,3,5.65,9485 9596 10543
F1103,ARB,Arbres,Trees,direct_category,49.34657361,5.98131127,medium,1.0,,,False,49.34657361,5.98131127,1,5.21,9485
F1104,ARB,Arbres,Trees,direct_category,49.34658328,5.98142238,medium,1.0,,,False,49.34658328,5.98142238,1,8.21,9252
F1105,ARB,Arbres,Trees,direct_category,49.34658668,5.98025578,medium,1.0,,,False,49.34658668,5.98025578,1,9.89,11514
F1106,ARB,Arbres,Trees,direct_category,49.34659415,5.98020543,medium,1.0,,,False,49.34659415,5.98020543,1,12.9,11514
F1107,ARB,Arbres,Trees,direct_category,49.34659524,5.98136392,medium,1.0,,,False,49.34659524,5.98136392,3,3.99,9288 9327 9366
F1108,ARB,Arbres,Trees,direct_category,49.34659995,5.9816249,medium,1.0,,,False,49.34659995,5.9816249,2,10.79,9191 9288
F1109,ARB,Arbres,Trees,direct_category,49.3466012,5.98129588,medium,1.0,,,False,49.3466012,5.98129588,1,7.09,9366
F1110,ARB,Arbres,Trees,direct_category,49.34660731,5.98043776,medium,1.0,,,False,49.34660731,5.98043776,1,11.64,11371
F1111,ARB,Arbres,Trees,direct_category,49.34661174,5.98090947,medium,1.0,,,False,49.34661174,5.98090947,2,12.37,11272 11293
F1112,ARB,Arbres,Trees,direct_category,49.34662067,5.98142581,medium,1.0,,,False,49.34662067,5.98142581,3,4.19,9191 9219 9327
F1113,ARB,Arbres,Trees,direct_category,49.34663163,5.98017501,medium,1.0,,,False,49.34663163,5.98017501,1,14.46,11514
F1114,ARB,Arbres,Trees,direct_category,49.34663593,5.98085588,medium,1.0,,,False,49.34663593,5.98085588,2,13.19,11251 11314
F1115,ARB,Arbres,Trees,direct_category,49.34663866,5.98168019,medium,1.0,,,False,49.34663866,5.98168019,1,10.99,9165
F1116,ARB,Arbres,Trees,direct_category,49.34663993,5.98030976,medium,1.0,,,False,49.34663993,5.98030976,1,8.84,11472
F1117,ARB,Arbres,Trees,direct_category,49.34664543,5.9814431,medium,1.0,,,False,49.34664543,5.9814431,2,4.7,9288 9410
F1118,ARB,Arbres,Trees,direct_category,49.34665024,5.98081622,medium,1.0,,,False,49.34665024,5.98081622,1,13.48,11272
F1119,ARB,Arbres,Trees,direct_category,49.34666184,5.98053448,medium,1.0,,,False,49.34666184,5.98053448,3,6.92,11371 11404 11437
F1120,ARB,Arbres,Trees,direct_category,49.34667012,5.98128272,medium,1.0,,,False,49.34667012,5.98128272,1,14.12,9410
F1121,ARB,Arbres,Trees,direct_category,49.34667738,5.9814684,medium,1.0,,,False,49.34667738,5.9814684,3,5.37,9165 9219 9252
F1122,ARB,Arbres,Trees,direct_category,49.34668219,5.98169446,medium,1.0,,,False,49.34668219,5.98169446,1,9.56,9141
F1123,ARB,Arbres,Trees,direct_category,49.3466928,5.98152465,medium,1.0,,,False,49.3466928,5.98152465,1,3.65,9219
F1124,ARB,Arbres,Trees,direct_category,49.3466982,5.98053577,medium,1.0,,,False,49.3466982,5.98053577,1,10.99,11472
F1125,ARB,Arbres,Trees,direct_category,49.34670651,5.98147414,medium,1.0,,,False,49.34670651,5.98147414,1,7.66,9191
F1126,ARB,Arbres,Trees,direct_category,49.34670784,5.98173368,medium,1.0,,,False,49.34670784,5.98173368,1,10.99,9117
F1127,ARB,Arbres,Trees,direct_category,49.34672089,5.98049985,medium,1.0,,,False,49.34672089,5.98049985,1,12.11,11437
F1128,ARB,Arbres,Trees,direct_category,49.34673631,5.98155131,medium,1.0,,,False,49.34673631,5.98155131,2,4.19,9165 9191
F1129,ARB,Arbres,Trees,direct_category,49.34674026,5.98175011,medium,1.0,,,False,49.34674026,5.98175011,2,9.72,9090 9165
F1130,ARB,Arbres,Trees,direct_category,49.34675732,5.98157632,medium,1.0,,,False,49.34675732,5.98157632,2,4.19,9141 9165
F1131,ARB,Arbres,Trees,direct_category,49.34677377,5.9817616,medium,1.0,,,False,49.34677377,5.9817616,2,9.72,9066 9141
F1132,ARB,Arbres,Trees,direct_category,49.34678547,5.98160715,medium,1.0,,,False,49.34678547,5.98160715,2,3.65,9117 9141
F1133,ARB,Arbres,Trees,direct_category,49.34680919,5.98180567,medium,1.0,,,False,49.34680919,5.98180567,3,9.89,9003 9033 9117
F1134,ARB,Arbres,Trees,direct_category,49.34682022,5.98162619,medium,1.0,,,False,49.34682022,5.98162619,2,3.83,9090 9117
F1135,ARB,Arbres,Trees,direct_category,49.34683856,5.98176599,medium,1.0,,,False,49.34683856,5.98176599,1,13.48,8973
F1136,ARB,Arbres,Trees,direct_category,49.34685421,5.98182123,medium,1.0,,,False,49.34685421,5.98182123,2,9.26,9066 9090
F1137,ARB,Arbres,Trees,direct_category,49.34685908,5.98164841,medium,1.0,,,False,49.34685908,5.98164841,3,3.65,9033 9066 9090
F1138,ARB,Arbres,Trees,direct_category,49.34688957,5.98168564,medium,1.0,,,False,49.34688957,5.98168564,2,3.65,9003 9066
F1139,ARB,Arbres,Trees,direct_category,49.34690868,5.98189596,medium,1.0,,,False,49.34690868,5.98189596,1,11.87,9033
F1140,ARB,Arbres,Trees,direct_category,49.34691144,5.98194653,medium,1.0,,,False,49.34691144,5.98194653,2,12.11,8973 9003
F1141,ARB,Arbres,Trees,direct_category,49.34691669,5.98171253,medium,1.0,,,False,49.34691669,5.98171253,3,2.57,8973 9003 9033
F1142,ARB,Arbres,Trees,direct_category,49.3469555,5.9819136,medium,1.0,,,False,49.3469555,5.9819136,1,8.45,8913
F1143,ARB,Arbres,Trees,direct_category,49.3469646,5.98174248,medium,1.0,,,False,49.3469646,5.98174248,3,3.65,8943 8973 9003
F1144,ARB,Arbres,Trees,direct_category,49.34698701,5.98194192,medium,1.0,,,False,49.34698701,5.98194192,2,8.33,8886 8943
F1145,ARB,Arbres,Trees,direct_category,49.34698729,5.98179937,medium,1.0,,,False,49.34698729,5.98179937,2,2.49,8913 8973
F1146,ARB,Arbres,Trees,direct_category,49.34699292,5.98184092,medium,1.0,,,False,49.34699292,5.98184092,1,7.46,8886
F1147,ARB,Arbres,Trees,direct_category,49.34702583,5.98187687,medium,1.0,,,False,49.34702583,5.98187687,1,7.37,8859
F1148,ARB,Arbres,Trees,direct_category,49.34702899,5.98196652,medium,1.0,,,False,49.34702899,5.98196652,2,7.37,8859 8913
F1149,ARB,Arbres,Trees,direct_category,49.34704514,5.98183607,medium,1.0,,,False,49.34704514,5.98183607,3,2.79,8859 8886 8913
F1150,ARB,Arbres,Trees,direct_category,49.34706482,5.98199509,medium,1.0,,,False,49.34706482,5.98199509,2,7.18,8835 8886
F1151,ARB,Arbres,Trees,direct_category,49.34707174,5.98189025,medium,1.0,,,False,49.34707174,5.98189025,1,14.46,8787
F1152,ARB,Arbres,Trees,direct_category,49.34709213,5.98184892,medium,1.0,,,False,49.34709213,5.98184892,2,5.65,8886 8913
F1153,ARB,Arbres,Trees,direct_category,49.34709703,5.98200959,medium,1.0,,,False,49.34709703,5.98200959,2,6.92,8811 8859
F1154,ARB,Arbres,Trees,direct_category,49.34710672,5.98188936,medium,1.0,,,False,49.34710672,5.98188936,3,3.99,8811 8835 8859
F1155,ARB,Arbres,Trees,direct_category,49.34713681,5.98202731,medium,1.0,,,False,49.34713681,5.98202731,2,6.22,8787 8835
F1156,ARB,Arbres,Trees,direct_category,49.34714677,5.98190372,medium,1.0,,,False,49.34714677,5.98190372,3,3.65,8787 8811 8835
F1157,ARB,Arbres,Trees,direct_category,49.34715601,5.98205776,medium,1.0,,,False,49.34715601,5.98205776,2,6.75,8759 8811
F1158,ARB,Arbres,Trees,direct_category,49.34716447,5.98197795,medium,1.0,,,False,49.34716447,5.98197795,2,7.27,8733 8759
F1159,ARB,Arbres,Trees,direct_category,49.34719372,5.98208756,medium,1.0,,,False,49.34719372,5.98208756,2,7.27,8733 8787
F1160,ARB,Arbres,Trees,direct_category,49.34720102,5.98191751,medium,1.0,,,False,49.34720102,5.98191751,2,6.37,8759 8811
F1161,ARB,Arbres,Trees,direct_category,49.34722211,5.98210527,medium,1.0,,,False,49.34722211,5.98210527,1,6.75,8682
F1162,ARB,Arbres,Trees,direct_category,49.34723394,5.98199797,medium,1.0,,,False,49.34723394,5.98199797,2,4.19,8682 8733
F1163,ARB,Arbres,Trees,direct_category,49.34723757,5.98190487,medium,1.0,,,False,49.34723757,5.98190487,1,8.1,8787
F1164,ARB,Arbres,Trees,direct_category,49.34724714,5.98214968,medium,1.0,,,False,49.34724714,5.98214968,3,7.27,8615 8733 8759
F1165,ARB,Arbres,Trees,direct_category,49.34726909,5.98198569,medium,1.0,,,False,49.34726909,5.98198569,4,4.74,8682 8733 8759 8787
F1166,ARB,Arbres,Trees,direct_category,49.34727172,5.98218273,medium,1.0,,,False,49.34727172,5.98218273,2,7.27,8526 8682
F1167,ARB,Arbres,Trees,direct_category,49.34730709,5.9820407,medium,1.0,,,False,49.34730709,5.9820407,3,5.65,8526 8615 8733
F1168,ARB,Arbres,Trees,direct_category,49.34731321,5.98220713,medium,1.0,,,False,49.34731321,5.98220713,1,7.18,8440
F1169,ARB,Arbres,Trees,direct_category,49.34733353,5.98210531,medium,1.0,,,False,49.34733353,5.98210531,3,2.79,8377 8440 8615
F1170,ARB,Arbres,Trees,direct_category,49.34733553,5.98205589,medium,1.0,,,False,49.34733553,5.98205589,1,6.37,8682
F1171,ARB,Arbres,Trees,direct_category,49.34734521,5.98223663,medium,1.0,,,False,49.34734521,5.98223663,1,7.18,8377
F1172,ARB,Arbres,Trees,direct_category,49.34735393,5.98213835,medium,1.0,,,False,49.34735393,5.98213835,1,11.42,8320
F1173,ARB,Arbres,Trees,direct_category,49.34737043,5.98228767,medium,1.0,,,False,49.34737043,5.98228767,1,8.33,8320
F1174,ARB,Arbres,Trees,direct_category,49.34737264,5.98219216,medium,1.0,,,False,49.34737264,5.98219216,1,11.64,8253
F1175,ARB,Arbres,Trees,direct_category,49.34738244,5.98211171,medium,1.0,,,False,49.34738244,5.98211171,2,4.09,8377 8440
F1176,ARB,Arbres,Trees,direct_category,49.34739748,5.98214362,medium,1.0,,,False,49.34739748,5.98214362,2,2.75,8377 8440
F1177,ARB,Arbres,Trees,direct_category,49.34741184,5.98228488,medium,1.0,,,False,49.34741184,5.98228488,2,6.44,8065 8253
F1178,ARB,Arbres,Trees,direct_category,49.34743014,5.98233694,medium,1.0,,,False,49.34743014,5.98233694,1,8.1,8161
F1179,ARB,Arbres,Trees,direct_category,49.34743379,5.98218658,medium,1.0,,,False,49.34743379,5.98218658,4,2.77,8161 8253 8320 8377
F1180,ARB,Arbres,Trees,direct_category,49.34745234,5.98226004,medium,1.0,,,False,49.34745234,5.98226004,1,9.56,8065
F1181,ARB,Arbres,Trees,direct_category,49.34745568,5.98215744,medium,1.0,,,False,49.34745568,5.98215744,1,10.79,8161
F1182,ARB,Arbres,Trees,direct_category,49.34747351,5.98236455,medium,1.0,,,False,49.34747351,5.98236455,1,6.75,8065
F1183,ARB,Arbres,Trees,direct_category,49.34747582,5.98221058,medium,1.0,,,False,49.34747582,5.98221058,2,4.09,8065 8253
F1184,ARB,Arbres,Trees,direct_category,49.34748104,5.98231471,medium,1.0,,,False,49.34748104,5.98231471,1,8.84,7436
F1185,ARB,Arbres,Trees,direct_category,49.34749785,5.98239161,medium,1.0,,,False,49.34749785,5.98239161,2,6.37,7436 8161
F1186,ARB,Arbres,Trees,direct_category,49.34750603,5.98215656,medium,1.0,,,False,49.34750603,5.98215656,1,9.89,8161
F1187,ARB,Arbres,Trees,direct_category,49.34751995,5.982218,medium,1.0,,,False,49.34751995,5.982218,1,7.66,8065
F1188,ARB,Arbres,Trees,direct_category,49.3475389,5.98228804,medium,1.0,,,False,49.3475389,5.98228804,3,2.72,7436 8065 8161
F1189,ARB,Arbres,Trees,direct_category,49.34754623,5.98245152,medium,1.0,,,False,49.34754623,5.98245152,3,6.67,7127 7214 7436
F1190,ARB,Arbres,Trees,direct_category,49.34756422,5.98254164,medium,1.0,,,False,49.34756422,5.98254164,1,13.48,7055
F1191,ARB,Arbres,Trees,direct_category,49.34756531,5.98234011,medium,1.0,,,False,49.34756531,5.98234011,1,4.19,7214
F1192,ARB,Arbres,Trees,direct_category,49.3475779,5.98249254,medium,1.0,,,False,49.3475779,5.98249254,1,8.33,7084
F1193,ARB,Arbres,Trees,direct_category,49.34759993,5.98234455,medium,1.0,,,False,49.34759993,5.98234455,1,5.65,7127
F1194,ARB,Arbres,Trees,direct_category,49.34762296,5.98260244,medium,1.0,,,False,49.34762296,5.98260244,1,13.48,7009
F1195,ARB,Arbres,Trees,direct_category,49.34762625,5.98256074,medium,1.0,,,False,49.34762625,5.98256074,1,9.89,7031
F1196,ARB,Arbres,Trees,direct_category,49.34763207,5.98235661,medium,1.0,,,False,49.34763207,5.98235661,1,6.92,7084
F1197,ARB,Arbres,Trees,direct_category,49.34765793,5.98228611,medium,1.0,,,False,49.34765793,5.98228611,1,14.46,7055
F1198,ARB,Arbres,Trees,direct_category,49.34768577,5.98270333,medium,1.0,,,False,49.34768577,5.98270333,1,13.79,7031
F1199,ARB,Arbres,Trees,direct_category,49.34769158,5.98238789,medium,1.0,,,False,49.34769158,5.98238789,1,9.56,7031
F1200,ARB,Arbres,Trees,direct_category,49.34773208,5.98249806,medium,1.0,,,False,49.34773208,5.98249806,3,2.57,6989 7031 7055
F1201,ARB,Arbres,Trees,direct_category,49.34773947,5.9827477,medium,1.0,,,False,49.34773947,5.9827477,1,13.79,6926
F1202,ARB,Arbres,Trees,direct_category,49.34774714,5.9824566,medium,1.0,,,False,49.34774714,5.9824566,2,7.66,6989 7009
F1203,ARB,Arbres,Trees,direct_category,49.34776305,5.98257999,medium,1.0,,,False,49.34776305,5.98257999,1,8.84,6947
F1204,ARB,Arbres,Trees,direct_category,49.34777753,5.98278498,medium,1.0,,,False,49.34777753,5.98278498,1,12.9,6904
F1205,ARB,Arbres,Trees,direct_category,49.34779184,5.98257023,medium,1.0,,,False,49.34779184,5.98257023,3,2.89,6926 6968 6989
F1206,ARB,Arbres,Trees,direct_category,49.34779351,5.98247664,medium,1.0,,,False,49.34779351,5.98247664,1,8.33,6989
F1207,ARB,Arbres,Trees,direct_category,49.34779527,5.98261826,medium,1.0,,,False,49.34779527,5.98261826,1,12.9,6904
F1208,ARB,Arbres,Trees,direct_category,49.34782237,5.98260113,medium,1.0,,,False,49.34782237,5.98260113,2,3.24,6947 6968
F1209,ARB,Arbres,Trees,direct_category,49.34783175,5.98288476,medium,1.0,,,False,49.34783175,5.98288476,1,14.46,6926
F1210,ARB,Arbres,Trees,direct_category,49.34784979,5.98263647,medium,1.0,,,False,49.34784979,5.98263647,2,2.79,6926 6947
F1211,ARB,Arbres,Trees,direct_category,49.34787,5.98290699,medium,1.0,,,False,49.34787,5.98290699,1,13.19,6904
F1212,ARB,Arbres,Trees,direct_category,49.34788318,5.98267007,medium,1.0,,,False,49.34788318,5.98267007,3,3.83,6884 6904 6926
F1213,ARB,Arbres,Trees,direct_category,49.34788685,5.98272774,medium,1.0,,,False,49.34788685,5.98272774,1,13.19,6842
F1214,ARB,Arbres,Trees,direct_category,49.3478914,5.98294406,medium,1.0,,,False,49.3478914,5.98294406,1,13.19,6884
F1215,ARB,Arbres,Trees,direct_category,49.34791276,5.98270854,medium,1.0,,,False,49.34791276,5.98270854,2,2.64,6884 6904
F1216,ARB,Arbres,Trees,direct_category,49.34792075,5.98298763,medium,1.0,,,False,49.34792075,5.98298763,3,13.48,6779 6800 6863
F1217,ARB,Arbres,Trees,direct_category,49.34794262,5.98275474,medium,1.0,,,False,49.34794262,5.98275474,2,2.99,6863 6884
F1218,ARB,Arbres,Trees,direct_category,49.3479658,5.98306802,medium,1.0,,,False,49.3479658,5.98306802,1,13.48,6757
F1219,ARB,Arbres,Trees,direct_category,49.3479692,5.98279775,medium,1.0,,,False,49.3479692,5.98279775,3,4.16,6800 6821 6842
F1220,ARB,Arbres,Trees,direct_category,49.34799358,5.9831147,medium,1.0,,,False,49.34799358,5.9831147,2,13.48,6737 6800
F1221,ARB,Arbres,Trees,direct_category,49.3480111,5.98284115,medium,1.0,,,False,49.3480111,5.98284115,2,3.65,6821 6842
F1222,ARB,Arbres,Trees,direct_category,49.34801419,5.98315754,medium,1.0,,,False,49.34801419,5.98315754,2,13.48,6716 6779
F1223,ARB,Arbres,Trees,direct_category,49.34803599,5.98295597,medium,1.0,,,False,49.34803599,5.98295597,1,7.56,6757
F1224,ARB,Arbres,Trees,direct_category,49.34804376,5.98288282,medium,1.0,,,False,49.34804376,5.98288282,2,4.26,6779 6800
F1225,ARB,Arbres,Trees,direct_category,49.34805494,5.9832024,medium,1.0,,,False,49.34805494,5.9832024,1,12.63,6695
F1226,ARB,Arbres,Trees,direct_category,49.3480741,5.98302934,medium,1.0,,,False,49.3480741,5.98302934,1,14.46,6695
F1227,ARB,Arbres,Trees,direct_category,49.34808136,5.98294051,medium,1.0,,,False,49.34808136,5.98294051,1,6.44,6757
F1228,ARB,Arbres,Trees,direct_category,49.34810838,5.98309268,medium,1.0,,,False,49.34810838,5.98309268,1,12.9,6674
F1229,ARB,Arbres,Trees,direct_category,49.34811434,5.98302164,medium,1.0,,,False,49.34811434,5.98302164,2,3.65,6737 6757
F1230,ARB,Arbres,Trees,direct_category,49.34813948,5.98306581,medium,1.0,,,False,49.34813948,5.98306581,1,4.16,6716
F1231,ARB,Arbres,Trees,direct_category,49.34815939,5.98339561,medium,1.0,,,False,49.34815939,5.98339561,1,13.48,6674
F1232,ARB,Arbres,Trees,direct_category,49.3481661,5.98310974,medium,1.0,,,False,49.3481661,5.98310974,3,4.19,6653 6674 6695
F1233,ARB,Arbres,Trees,direct_category,49.34820533,5.98351133,medium,1.0,,,False,49.34820533,5.98351133,2,13.19,6611 6632
F1234,ARB,Arbres,Trees,direct_category,49.34821568,5.98316808,medium,1.0,,,False,49.34821568,5.98316808,2,4.06,6653 6674
F1235,ARB,Arbres,Trees,direct_category,49.34821698,5.98320818,medium,1.0,,,False,49.34821698,5.98320818,1,2.85,6674
F1236,ARB,Arbres,Trees,direct_category,49.34823286,5.98325927,medium,1.0,,,False,49.34823286,5.98325927,1,7.56,6611
F1237,ARB,Arbres,Trees,direct_category,49.34824386,5.98325184,medium,1.0,,,False,49.34824386,5.98325184,3,2.99,6611 6632 6653
F1238,ARB,Arbres,Trees,direct_category,49.34825439,5.98330606,medium,1.0,,,False,49.34825439,5.98330606,1,7.56,6590
F1239,ARB,Arbres,Trees,direct_category,49.34826718,5.98330601,medium,1.0,,,False,49.34826718,5.98330601,3,2.44,6590 6611 6632
F1240,ARB,Arbres,Trees,direct_category,49.34827584,5.98334947,medium,1.0,,,False,49.34827584,5.98334947,1,7.77,6569
F1241,ARB,Arbres,Trees,direct_category,49.34827687,5.98325559,medium,1.0,,,False,49.34827687,5.98325559,1,7.46,6611
F1242,ARB,Arbres,Trees,direct_category,49.34831833,5.98339259,medium,1.0,,,False,49.34831833,5.98339259,1,4.49,6569
F1243,ARB,Arbres,Trees,direct_category,49.34832485,5.98343772,medium,1.0,,,False,49.34832485,5.98343772,1,4.16,6548
F1244,ARB,Arbres,Trees,direct_category,49.34833646,5.98353353,medium,1.0,,,False,49.34833646,5.98353353,1,9.56,6485
F1245,ARB,Arbres,Trees,direct_category,49.34834602,5.98348497,medium,1.0,,,False,49.34834602,5.98348497,1,4.16,6527
F1246,ARB,Arbres,Trees,direct_category,49.34836836,5.98354038,medium,1.0,,,False,49.34836836,5.98354038,1,3.71,6505
F1247,ARB,Arbres,Trees,direct_category,49.34839503,5.9835889,medium,1.0,,,False,49.34839503,5.9835889,2,4.09,6465 6485
F1248,ARB,Arbres,Trees,direct_category,49.34843128,5.98368987,medium,1.0,,,False,49.34843128,5.98368987,1,3.74,6444
F1249,ARB,Arbres,Trees,direct_category,49.34844047,5.9837131,medium,1.0,,,False,49.34844047,5.9837131,4,2.68,6398 6423 6444 6465
F1250,ARB,Arbres,Trees,direct_category,49.34846535,5.98385417,medium,1.0,,,False,49.34846535,5.98385417,1,7.98,6348
F1251,ARB,Arbres,Trees,direct_category,49.34846974,5.9837973,medium,1.0,,,False,49.34846974,5.9837973,2,2.83,6375 6423
F1252,ARB,Arbres,Trees,direct_category,49.34846989,5.98378012,medium,1.0,,,False,49.34846989,5.98378012,3,2.73,6398 6423 6444
F1253,ARB,Arbres,Trees,direct_category,49.34847639,5.98374328,medium,1.0,,,False,49.34847639,5.98374328,1,4.61,6423
F1254,ARB,Arbres,Trees,direct_category,49.34848907,5.98377745,medium,1.0,,,False,49.34848907,5.98377745,3,4.26,6375 6398 6423
F1255,ARB,Arbres,Trees,direct_category,49.34850462,5.98384325,medium,1.0,,,False,49.34850462,5.98384325,4,3.24,6348 6375 6398 6423
F1256,ARB,Arbres,Trees,direct_category,49.34851484,5.9838868,medium,1.0,,,False,49.34851484,5.9838868,3,2.49,6348 6375 6398
F1257,ARB,Arbres,Trees,direct_category,49.3485199,5.98379359,medium,1.0,,,False,49.3485199,5.98379359,1,7.66,6375
F1258,ARB,Arbres,Trees,direct_category,49.34853315,5.98402604,medium,1.0,,,False,49.34853315,5.98402604,2,2.66,6270 6297
F1259,ARB,Arbres,Trees,direct_category,49.34853605,5.98393454,medium,1.0,,,False,49.34853605,5.98393454,3,2.68,6297 6321 6348
F1260,ARB,Arbres,Trees,direct_category,49.34854032,5.98398928,medium,1.0,,,False,49.34854032,5.98398928,1,3.8,6297
F1261,ARB,Arbres,Trees,direct_category,49.34854723,5.98384012,medium,1.0,,,False,49.34854723,5.98384012,1,7.27,6375
F1262,ARB,Arbres,Trees,direct_category,49.34857916,5.98403325,medium,1.0,,,False,49.34857916,5.98403325,3,2.68,6246 6270 6297
F1263,ARB,Arbres,Trees,direct_category,49.34860287,5.98407476,medium,1.0,,,False,49.34860287,5.98407476,3,2.66,6222 6246 6270
F1264,ARB,Arbres,Trees,direct_category,49.34862377,5.98417635,medium,1.0,,,False,49.34862377,5.98417635,2,5.01,6174 6198
F1265,ARB,Arbres,Trees,direct_category,49.34863818,5.98411578,medium,1.0,,,False,49.34863818,5.98411578,1,4.26,6222
F1266,ARB,Arbres,Trees,direct_category,49.34866051,5.98416121,medium,1.0,,,False,49.34866051,5.98416121,1,4.19,6198
F1267,ARB,Arbres,Trees,direct_category,49.3486702,5.98426159,medium,1.0,,,False,49.3486702,5.98426159,1,5.65,6146
F1268,ARB,Arbres,Trees,direct_category,49.34867829,5.9841978,medium,1.0,,,False,49.34867829,5.9841978,1,4.19,6174
F1269,ARB,Arbres,Trees,direct_category,49.34870826,5.98424549,medium,1.0,,,False,49.34870826,5.98424549,2,4.09,6120 6146
F1270,ARB,Arbres,Trees,direct_category,49.34874575,5.98434704,medium,1.0,,,False,49.34874575,5.98434704,3,1.55,6066 6093 6120
F1271,ARB,Arbres,Trees,direct_category,49.34874846,5.98427148,medium,1.0,,,False,49.34874846,5.98427148,1,4.09,6120
F1272,ARB,Arbres,Trees,direct_category,49.34877153,5.98439463,medium,1.0,,,False,49.34877153,5.98439463,3,1.55,6042 6066 6093
F1273,ARB,Arbres,Trees,direct_category,49.34877565,5.98431871,medium,1.0,,,False,49.34877565,5.98431871,2,4.06,6066 6093
F1274,ARB,Arbres,Trees,direct_category,49.34877615,5.98447628,medium,1.0,,,False,49.34877615,5.98447628,1,5.37,6066
F1275,ARB,Arbres,Trees,direct_category,49.34880209,5.98435946,medium,1.0,,,False,49.34880209,5.98435946,2,4.06,6042 6066
F1276,ARB,Arbres,Trees,direct_category,49.34881939,5.98445046,medium,1.0,,,False,49.34881939,5.98445046,1,5.21,6018
F1277,ARB,Arbres,Trees,direct_category,49.34882307,5.9845339,medium,1.0,,,False,49.34882307,5.9845339,1,6.75,5994
F1278,ARB,Arbres,Trees,direct_category,49.34882433,5.98440527,medium,1.0,,,False,49.34882433,5.98440527,1,2.5,6066
F1279,ARB,Arbres,Trees,direct_category,49.34885228,5.98444365,medium,1.0,,,False,49.34885228,5.98444365,2,2.52,6018 6042
F1280,ARB,Arbres,Trees,direct_category,49.34887866,5.98448793,medium,1.0,,,False,49.34887866,5.98448793,2,4.16,5970 5994
F1281,ARB,Arbres,Trees,direct_category,49.34888107,5.98455207,medium,1.0,,,False,49.34888107,5.98455207,2,4.83,5946 5970
F1282,ARB,Arbres,Trees,direct_category,49.34890727,5.98452681,medium,1.0,,,False,49.34890727,5.98452681,2,2.62,5970 5994
F1283,ARB,Arbres,Trees,direct_category,49.34892089,5.98450503,medium,1.0,,,False,49.34892089,5.98450503,1,5.65,5970
F1284,ARB,Arbres,Trees,direct_category,49.3489331,5.98463116,medium,1.0,,,False,49.3489331,5.98463116,2,5.21,5874 5922
F1285,ARB,Arbres,Trees,direct_category,49.34894093,5.98455568,medium,1.0,,,False,49.34894093,5.98455568,3,4.19,5922 5946 5970
F1286,ARB,Arbres,Trees,direct_category,49.34894118,5.9846,medium,1.0,,,False,49.34894118,5.9846,1,5.96,5922
F1287,ARB,Arbres,Trees,direct_category,49.34895914,5.98458147,medium,1.0,,,False,49.34895914,5.98458147,1,6.44,5922
F1288,ARB,Arbres,Trees,direct_category,49.34896693,5.98457987,medium,1.0,,,False,49.34896693,5.98457987,1,6.44,5922
F1289,ARB,Arbres,Trees,direct_category,49.34897517,5.98457995,medium,1.0,,,False,49.34897517,5.98457995,1,6.44,5922
F1290,ARB,Arbres,Trees,direct_category,49.34898295,5.98458169,medium,1.0,,,False,49.34898295,5.98458169,1,6.44,5922
F1291,ARB,Arbres,Trees,direct_category,49.34899133,5.98465468,medium,1.0,,,False,49.34899133,5.98465468,1,8.21,5874
F1292,ARB,Arbres,Trees,direct_category,49.34899559,5.98460766,medium,1.0,,,False,49.34899559,5.98460766,1,5.21,5922
F1293,ARB,Arbres,Trees,direct_category,49.34899933,5.98465553,medium,1.0,,,False,49.34899933,5.98465553,2,4.02,5874 5898
F1294,ARB,Arbres,Trees,direct_category,49.3490003,5.98475796,medium,1.0,,,False,49.3490003,5.98475796,1,10.6,5826
F1295,ARB,Arbres,Trees,direct_category,49.3490022,5.9846568,medium,1.0,,,False,49.3490022,5.9846568,1,7.56,5874
F1296,ARB,Arbres,Trees,direct_category,49.34902618,5.98469903,medium,1.0,,,False,49.34902618,5.98469903,2,4.34,5850 5874
F1297,ARB,Arbres,Trees,direct_category,49.34903861,5.98470438,medium,1.0,,,False,49.34903861,5.98470438,2,4.06,5850 5874
F1298,ARB,Arbres,Trees,direct_category,49.34904196,5.98474755,medium,1.0,,,False,49.34904196,5.98474755,1,7.77,5826
F1299,ARB,Arbres,Trees,direct_category,49.34904852,5.98498327,medium,1.0,,,False,49.34904852,5.98498327,1,12.63,5754
F1300,ARB,Arbres,Trees,direct_category,49.34907424,5.98478753,medium,1.0,,,False,49.34907424,5.98478753,2,2.57,5802 5850
F1301,ARB,Arbres,Trees,direct_category,49.3490803,5.98485331,medium,1.0,,,False,49.3490803,5.98485331,1,11.64,5754
F1302,ARB,Arbres,Trees,direct_category,49.34910401,5.9848216,medium,1.0,,,False,49.34910401,5.9848216,2,2.59,5802 5826
F1303,ARB,Arbres,Trees,direct_category,49.3491125,5.98508532,medium,1.0,,,False,49.3491125,5.98508532,1,12.37,5778
F1304,ARB,Arbres,Trees,direct_category,49.34911896,5.98492351,medium,1.0,,,False,49.34911896,5.98492351,1,9.56,5727
F1305,ARB,Arbres,Trees,direct_category,49.34913379,5.98486517,medium,1.0,,,False,49.34913379,5.98486517,3,3.36,5754 5778 5802
F1306,ARB,Arbres,Trees,direct_category,49.34913488,5.98513204,medium,1.0,,,False,49.34913488,5.98513204,2,13.79,5649 5754
F1307,ARB,Arbres,Trees,direct_category,49.34915763,5.98490499,medium,1.0,,,False,49.34915763,5.98490499,3,2.68,5727 5754 5778
F1308,ARB,Arbres,Trees,direct_category,49.34918828,5.98494445,medium,1.0,,,False,49.34918828,5.98494445,3,3.39,5703 5727 5754
F1309,ARB,Arbres,Trees,direct_category,49.34920092,5.98503117,medium,1.0,,,False,49.34920092,5.98503117,2,10.41,5622 5649
F1310,ARB,Arbres,Trees,direct_category,49.34921473,5.98497852,medium,1.0,,,False,49.34921473,5.98497852,3,3.65,5675 5703 5727
F1311,ARB,Arbres,Trees,direct_category,49.34923444,5.98525526,medium,1.0,,,False,49.34923444,5.98525526,1,13.48,5571
F1312,ARB,Arbres,Trees,direct_category,49.34924507,5.98501488,medium,1.0,,,False,49.34924507,5.98501488,1,7.77,5649
F1313,ARB,Arbres,Trees,direct_category,49.34924885,5.98505939,medium,1.0,,,False,49.34924885,5.98505939,1,8.84,5622
F1314,ARB,Arbres,Trees,direct_category,49.34925289,5.98501311,medium,1.0,,,False,49.34925289,5.98501311,3,4.09,5649 5675 5703
F1315,ARB,Arbres,Trees,direct_category,49.34925947,5.98529374,medium,1.0,,,False,49.34925947,5.98529374,1,13.79,5547
F1316,ARB,Arbres,Trees,direct_category,49.34926151,5.98511862,medium,1.0,,,False,49.34926151,5.98511862,2,9.56,5571 5595
F1317,ARB,Arbres,Trees,direct_category,49.3492822,5.98510678,medium,1.0,,,False,49.3492822,5.98510678,1,8.21,5595
F1318,ARB,Arbres,Trees,direct_category,49.34929533,5.98508741,medium,1.0,,,False,49.34929533,5.98508741,5,2.99,5571 5595 5622 5649 5675
F1319,ARB,Arbres,Trees,direct_category,49.34932486,5.98509221,medium,1.0,,,False,49.34932486,5.98509221,1,7.46,5595
F1320,ARB,Arbres,Trees,direct_category,49.34933619,5.98531594,medium,1.0,,,False,49.34933619,5.98531594,1,8.33,5523
F1321,ARB,Arbres,Trees,direct_category,49.34935057,5.98521292,medium,1.0,,,False,49.34935057,5.98521292,1,14.46,5499
F1322,ARB,Arbres,Trees,direct_category,49.3493514,5.98514793,medium,1.0,,,False,49.3493514,5.98514793,4,4.78,5547 5595 5622 5649
F1323,ARB,Arbres,Trees,direct_category,49.34935171,5.98538094,medium,1.0,,,False,49.34935171,5.98538094,1,10.23,5499
F1324,ARB,Arbres,Trees,direct_category,49.34935718,5.9851683,medium,1.0,,,False,49.34935718,5.9851683,2,3.54,5547 5595
F1325,ARB,Arbres,Trees,direct_category,49.34936026,5.98511583,medium,1.0,,,False,49.34936026,5.98511583,2,7.18,5571 5595
F1326,ARB,Arbres,Trees,direct_category,49.34936295,5.9852781,medium,1.0,,,False,49.34936295,5.9852781,2,11.42,5478 5499
F1327,ARB,Arbres,Trees,direct_category,49.34936346,5.98542927,medium,1.0,,,False,49.34936346,5.98542927,2,10.23,5478 5523
F1328,ARB,Arbres,Trees,direct_category,49.349383,5.9852257,medium,1.0,,,False,49.349383,5.9852257,2,12.11,5478 5499
F1329,ARB,Arbres,Trees,direct_category,49.34939131,5.98516042,medium,1.0,,,False,49.34939131,5.98516042,1,8.33,5547
F1330,ARB,Arbres,Trees,direct_category,49.34939347,5.98552896,medium,1.0,,,False,49.34939347,5.98552896,1,13.19,5478
F1331,ARB,Arbres,Trees,direct_category,49.34940023,5.9853355,medium,1.0,,,False,49.34940023,5.9853355,1,13.19,5455
F1332,ARB,Arbres,Trees,direct_category,49.34940079,5.98548001,medium,1.0,,,False,49.34940079,5.98548001,2,12.63,5431 5455
F1333,ARB,Arbres,Trees,direct_category,49.34940497,5.98520359,medium,1.0,,,False,49.34940497,5.98520359,2,8.21,5478 5523
F1334,ARB,Arbres,Trees,direct_category,49.34943193,5.98548515,medium,1.0,,,False,49.34943193,5.98548515,1,14.46,5404
F1335,ARB,Arbres,Trees,direct_category,49.34944258,5.98519627,medium,1.0,,,False,49.34944258,5.98519627,1,14.46,5478
F1336,ARB,Arbres,Trees,direct_category,49.34944717,5.98529684,medium,1.0,,,False,49.34944717,5.98529684,1,4.23,5499
F1337,ARB,Arbres,Trees,direct_category,49.34947516,5.98528445,medium,1.0,,,False,49.34947516,5.98528445,2,7.56,5478 5523
F1338,ARB,Arbres,Trees,direct_category,49.34948127,5.98534935,medium,1.0,,,False,49.34948127,5.98534935,1,14.46,5404
F1339,ARB,Arbres,Trees,direct_category,49.34951228,5.98525288,medium,1.0,,,False,49.34951228,5.98525288,2,10.99,5455 5478
F1340,ARB,Arbres,Trees,direct_category,49.34951794,5.98546531,medium,1.0,,,False,49.34951794,5.98546531,2,10.41,5347 5377
F1341,ARB,Arbres,Trees,direct_category,49.34952932,5.98536178,medium,1.0,,,False,49.34952932,5.98536178,1,6.83,5478
F1342,ARB,Arbres,Trees,direct_category,49.34953653,5.9854428,medium,1.0,,,False,49.34953653,5.9854428,1,13.48,5347
F1343,ARB,Arbres,Trees,direct_category,49.34953985,5.98563847,medium,1.0,,,False,49.34953985,5.98563847,1,13.48,5269
F1344,ARB,Arbres,Trees,direct_category,49.34957081,5.98549809,medium,1.0,,,False,49.34957081,5.98549809,1,7.98,5347
F1345,ARB,Arbres,Trees,direct_category,49.34959822,5.98548396,medium,1.0,,,False,49.34959822,5.98548396,2,4.34,5347 5377
F1346,ARB,Arbres,Trees,direct_category,49.34961656,5.98563054,medium,1.0,,,False,49.34961656,5.98563054,1,5.77,5269
F1347,ARB,Arbres,Trees,direct_category,49.34962805,5.98553613,medium,1.0,,,False,49.34962805,5.98553613,1,4.09,5347
F1348,ARB,Arbres,Trees,direct_category,49.3497295,5.98595257,medium,1.0,,,False,49.3497295,5.98595257,1,14.46,5119
F1349,ARB,Arbres,Trees,direct_category,49.34976989,5.98594329,medium,1.0,,,False,49.34976989,5.98594329,2,11.42,5014 5047
F1350,ARB,Arbres,Trees,direct_category,49.34978163,5.98573461,medium,1.0,,,False,49.34978163,5.98573461,1,2.89,5152
F1351,ARB,Arbres,Trees,direct_category,49.34984224,5.98583138,medium,1.0,,,False,49.34984224,5.98583138,1,8.98,4981
F1352,ARB,Arbres,Trees,direct_category,49.34985406,5.98610529,medium,1.0,,,False,49.34985406,5.98610529,1,14.82,4981
F1353,ARB,Arbres,Trees,direct_category,49.34985791,5.98577552,medium,1.0,,,False,49.34985791,5.98577552,1,5.11,5047
F1354,ARB,Arbres,Trees,direct_category,49.34987589,5.98582599,medium,1.0,,,False,49.34987589,5.98582599,4,3.83,4933 4954 5014 5047
F1355,ARB,Arbres,Trees,direct_category,49.34990423,5.98584736,medium,1.0,,,False,49.34990423,5.98584736,2,4.23,4981 5014
F1356,ARB,Arbres,Trees,direct_category,49.34990705,5.98588962,medium,1.0,,,False,49.34990705,5.98588962,1,13.48,4915
F1357,ARB,Arbres,Trees,direct_category,49.34993044,5.98585791,medium,1.0,,,False,49.34993044,5.98585791,1,6.92,4954
F1358,ARB,Arbres,Trees,direct_category,49.34996275,5.98592227,medium,1.0,,,False,49.34996275,5.98592227,4,3.6,4897 4915 4933 4954
F1359,ARB,Arbres,Trees,direct_category,49.34997811,5.98587283,medium,1.0,,,False,49.34997811,5.98587283,1,8.98,4981
F1360,ARB,Arbres,Trees,direct_category,49.34997837,5.98596431,medium,1.0,,,False,49.34997837,5.98596431,2,3.22,4897 4933
F1361,ARB,Arbres,Trees,direct_category,49.35000854,5.98598477,medium,1.0,,,False,49.35000854,5.98598477,1,10.41,4879
F1362,ARB,Arbres,Trees,direct_category,49.3500599,5.98605843,medium,1.0,,,False,49.3500599,5.98605843,1,4.57,4879
F1363,ARB,Arbres,Trees,direct_category,49.3500701,5.98591558,medium,1.0,,,False,49.3500701,5.98591558,1,12.9,4897
F1364,ARB,Arbres,Trees,direct_category,49.35007293,5.98610624,medium,1.0,,,False,49.35007293,5.98610624,2,3.36,4843 4879
F1365,ARB,Arbres,Trees,direct_category,49.35012371,5.98600232,medium,1.0,,,False,49.35012371,5.98600232,1,12.9,4861
F1366,ARB,Arbres,Trees,direct_category,49.35012771,5.98610793,medium,1.0,,,False,49.35012771,5.98610793,1,7.98,4843
F1367,ARB,Arbres,Trees,direct_category,49.35013998,5.98620102,medium,1.0,,,False,49.35013998,5.98620102,1,4.38,4825
F1368,ARB,Arbres,Trees,direct_category,49.35015768,5.98624045,medium,1.0,,,False,49.35015768,5.98624045,1,8.71,4789
F1369,ARB,Arbres,Trees,direct_category,49.35016143,5.98625061,medium,1.0,,,False,49.35016143,5.98625061,4,4.06,4771 4789 4807 4825
F1370,ARB,Arbres,Trees,direct_category,49.35017692,5.98630249,medium,1.0,,,False,49.35017692,5.98630249,1,2.68,4807
F1371,ARB,Arbres,Trees,direct_category,49.35018346,5.98636786,medium,1.0,,,False,49.35018346,5.98636786,2,7.66,4735 4753
F1372,ARB,Arbres,Trees,direct_category,49.3502034,5.98626558,medium,1.0,,,False,49.3502034,5.98626558,1,7.18,4789
F1373,ARB,Arbres,Trees,direct_category,49.35020832,5.9863143,medium,1.0,,,False,49.35020832,5.9863143,1,4.57,4789
F1374,ARB,Arbres,Trees,direct_category,49.35021837,5.98643352,medium,1.0,,,False,49.35021837,5.98643352,1,11.2,4717
F1375,ARB,Arbres,Trees,direct_category,49.35021992,5.98617687,medium,1.0,,,False,49.35021992,5.98617687,1,13.48,4843
F1376,ARB,Arbres,Trees,direct_category,49.35024188,5.98639676,medium,1.0,,,False,49.35024188,5.98639676,2,4.61,4735 4753
F1377,ARB,Arbres,Trees,direct_category,49.35025747,5.98645981,medium,1.0,,,False,49.35025747,5.98645981,2,2.68,4735 4753
F1378,ARB,Arbres,Trees,direct_category,49.35031197,5.98681492,medium,1.0,,,False,49.35031197,5.98681492,1,8.33,4627
F1379,ARB,Arbres,Trees,direct_category,49.3503226,5.98668928,medium,1.0,,,False,49.3503226,5.98668928,1,8.33,4645
F1380,ARB,Arbres,Trees,direct_category,49.35032405,5.98661742,medium,1.0,,,False,49.35032405,5.98661742,3,2.83,4663 4681 4699
F1381,ARB,Arbres,Trees,direct_category,49.35033447,5.98667454,medium,1.0,,,False,49.35033447,5.98667454,1,8.71,4645
F1382,ARB,Arbres,Trees,direct_category,49.35036322,5.98666499,medium,1.0,,,False,49.35036322,5.98666499,1,8.84,4645
F1383,ARB,Arbres,Trees,direct_category,49.3503672,5.98679337,medium,1.0,,,False,49.3503672,5.98679337,1,8.84,4609
F1384,ARB,Arbres,Trees,direct_category,49.35039593,5.98675113,medium,1.0,,,False,49.35039593,5.98675113,1,4.57,4645
F1385,ARB,Arbres,Trees,direct_category,49.35041474,5.98690335,medium,1.0,,,False,49.35041474,5.98690335,1,13.48,4555
F1386,ARB,Arbres,Trees,direct_category,49.35044483,5.98690258,medium,1.0,,,False,49.35044483,5.98690258,1,4.16,4591
F1387,ARB,Arbres,Trees,direct_category,49.35044613,5.98714517,medium,1.0,,,False,49.35044613,5.98714517,1,8.33,4519
F1388,ARB,Arbres,Trees,direct_category,49.3504643,5.98695525,medium,1.0,,,False,49.3504643,5.98695525,1,4.26,4573
F1389,ARB,Arbres,Trees,direct_category,49.35048043,5.98701663,medium,1.0,,,False,49.35048043,5.98701663,2,4.06,4537 4555
F1390,ARB,Arbres,Trees,direct_category,49.35049226,5.98700594,medium,1.0,,,False,49.35049226,5.98700594,1,8.33,4537
F1391,ARB,Arbres,Trees,direct_category,49.35052701,5.98709961,medium,1.0,,,False,49.35052701,5.98709961,2,4.3,4519 4537
F1392,ARB,Arbres,Trees,direct_category,49.35055252,5.9871771,medium,1.0,,,False,49.35055252,5.9871771,1,4.06,4501
F1393,ARB,Arbres,Trees,direct_category,49.35057648,5.98719679,medium,1.0,,,False,49.35057648,5.98719679,1,6.52,4483
F1394,ARB,Arbres,Trees,direct_category,49.35058878,5.98727959,medium,1.0,,,False,49.35058878,5.98727959,2,2.68,4466 4483
F1395,ARB,Arbres,Trees,direct_category,49.35061179,5.98733811,medium,1.0,,,False,49.35061179,5.98733811,2,4.19,4430 4448
F1396,ARB,Arbres,Trees,direct_category,49.35061893,5.98740552,medium,1.0,,,False,49.35061893,5.98740552,1,7.27,4412
F1397,ARB,Arbres,Trees,direct_category,49.35064054,5.98737628,medium,1.0,,,False,49.35064054,5.98737628,1,5.11,4430
F1398,ARB,Arbres,Trees,direct_category,49.35065354,5.98744218,medium,1.0,,,False,49.35065354,5.98744218,2,4.38,4394 4412
F1399,ARB,Arbres,Trees,direct_category,49.35067783,5.98749314,medium,1.0,,,False,49.35067783,5.98749314,2,3.24,4394 4412
F1400,ARB,Arbres,Trees,direct_category,49.35069306,5.98754568,medium,1.0,,,False,49.35069306,5.98754568,4,2.49,4340 4358 4376 4394
F1401,ARB,Arbres,Trees,direct_category,49.35071849,5.98759421,medium,1.0,,,False,49.35071849,5.98759421,1,4.09,4358
F1402,ARB,Arbres,Trees,direct_category,49.35072487,5.98767736,medium,1.0,,,False,49.35072487,5.98767736,1,9.89,4304
F1403,ARB,Arbres,Trees,direct_category,49.35074761,5.98774034,medium,1.0,,,False,49.35074761,5.98774034,1,8.84,4286
F1404,ARB,Arbres,Trees,direct_category,49.35075827,5.98769358,medium,1.0,,,False,49.35075827,5.98769358,2,3.26,4322 4340
F1405,ARB,Arbres,Trees,direct_category,49.35077209,5.98778722,medium,1.0,,,False,49.35077209,5.98778722,1,8.71,4268
F1406,ARB,Arbres,Trees,direct_category,49.35079463,5.98784953,medium,1.0,,,False,49.35079463,5.98784953,1,7.66,4250
F1407,ARB,Arbres,Trees,direct_category,49.35080182,5.98775853,medium,1.0,,,False,49.35080182,5.98775853,1,6.52,4286
F1408,ARB,Arbres,Trees,direct_category,49.35083153,5.98789056,medium,1.0,,,False,49.35083153,5.98789056,2,4.09,4232 4250
F1409,ARB,Arbres,Trees,direct_category,49.35085308,5.98794114,medium,1.0,,,False,49.35085308,5.98794114,3,2.81,4196 4232 4250
F1410,ARB,Arbres,Trees,direct_category,49.35087228,5.98798862,medium,1.0,,,False,49.35087228,5.98798862,3,2.72,4178 4214 4232
F1411,ARB,Arbres,Trees,direct_category,49.35089552,5.98803399,medium,1.0,,,False,49.35089552,5.98803399,3,2.97,4178 4196 4214
F1412,ARB,Arbres,Trees,direct_category,49.35089596,5.98808633,medium,1.0,,,False,49.35089596,5.98808633,1,7.46,4160
F1413,ARB,Arbres,Trees,direct_category,49.35091177,5.98807884,medium,1.0,,,False,49.35091177,5.98807884,1,7.46,4160
F1414,ARB,Arbres,Trees,direct_category,49.35093241,5.98813217,medium,1.0,,,False,49.35093241,5.98813217,4,2.77,4118 4139 4160 4178
F1415,ARB,Arbres,Trees,direct_category,49.3509475,5.98805479,medium,1.0,,,False,49.3509475,5.98805479,1,7.46,4178
F1416,ARB,Arbres,Trees,direct_category,49.35095095,5.98818209,medium,1.0,,,False,49.35095095,5.98818209,2,4.02,4118 4139
F1417,ARB,Arbres,Trees,direct_category,49.35095713,5.98811001,medium,1.0,,,False,49.35095713,5.98811001,1,8.21,4196
F1418,ARB,Arbres,Trees,direct_category,49.35096444,5.98825204,medium,1.0,,,False,49.35096444,5.98825204,2,7.77,4076 4097
F1419,ARB,Arbres,Trees,direct_category,49.35097235,5.98816962,medium,1.0,,,False,49.35097235,5.98816962,1,8.33,4118
F1420,ARB,Arbres,Trees,direct_category,49.35099113,5.98823916,medium,1.0,,,False,49.35099113,5.98823916,1,4.19,4118
F1421,ARB,Arbres,Trees,direct_category,49.35100815,5.98835372,medium,1.0,,,False,49.35100815,5.98835372,3,7.0,4012 4034 4054
F1422,ARB,Arbres,Trees,direct_category,49.35103649,5.98835322,medium,1.0,,,False,49.35103649,5.98835322,1,9.56,4034
F1423,ARB,Arbres,Trees,direct_category,49.35103665,5.98837878,medium,1.0,,,False,49.35103665,5.98837878,2,2.75,4034 4076
F1424,ARB,Arbres,Trees,direct_category,49.35105392,5.98846391,medium,1.0,,,False,49.35105392,5.98846391,1,9.72,3992
F1425,ARB,Arbres,Trees,direct_category,49.35106589,5.9883521,medium,1.0,,,False,49.35106589,5.9883521,1,9.56,4034
F1426,ARB,Arbres,Trees,direct_category,49.3510785,5.98835647,medium,1.0,,,False,49.3510785,5.98835647,1,9.56,4034
F1427,ARB,Arbres,Trees,direct_category,49.35108144,5.98848028,medium,1.0,,,False,49.35108144,5.98848028,3,2.77,3971 4012 4034
F1428,ARB,Arbres,Trees,direct_category,49.35109207,5.98836485,medium,1.0,,,False,49.35109207,5.98836485,1,9.56,4034
F1429,ARB,Arbres,Trees,direct_category,49.35110518,5.98837741,medium,1.0,,,False,49.35110518,5.98837741,1,9.56,4034
F1430,ARB,Arbres,Trees,direct_category,49.35110995,5.98852135,medium,1.0,,,False,49.35110995,5.98852135,3,4.57,3950 3992 4012
F1431,ARB,Arbres,Trees,direct_category,49.35111973,5.98840224,medium,1.0,,,False,49.35111973,5.98840224,1,9.41,4034
F1432,ARB,Arbres,Trees,direct_category,49.35113162,5.98856854,medium,1.0,,,False,49.35113162,5.98856854,4,4.02,3929 3950 3971 3992
F1433,ARB,Arbres,Trees,direct_category,49.35113373,5.98863422,medium,1.0,,,False,49.35113373,5.98863422,1,12.37,3907
F1434,ARB,Arbres,Trees,direct_category,49.35113948,5.98863938,medium,1.0,,,False,49.35113948,5.98863938,2,7.27,3907 3929
F1435,ARB,Arbres,Trees,direct_category,49.35115497,5.9885831,medium,1.0,,,False,49.35115497,5.9885831,1,5.06,3971
F1436,ARB,Arbres,Trees,direct_category,49.35118135,5.98870572,medium,1.0,,,False,49.35118135,5.98870572,1,9.89,3887
F1437,ARB,Arbres,Trees,direct_category,49.35121458,5.98878795,medium,1.0,,,False,49.35121458,5.98878795,1,11.64,3845
F1438,ARB,Arbres,Trees,direct_category,49.35125385,5.98888862,medium,1.0,,,False,49.35125385,5.98888862,1,11.42,3803
F1439,ARB,Arbres,Trees,direct_category,49.351317,5.98895661,medium,1.0,,,False,49.351317,5.98895661,1,8.71,3779
F1440,ARB,Arbres,Trees,direct_category,49.35175932,5.99013884,medium,1.0,,,False,49.35175932,5.99013884,3,10.99,3327 3354 3378
F1441,ARB,Arbres,Trees,direct_category,49.35177578,5.99016307,medium,1.0,,,False,49.35177578,5.99016307,1,13.19,3327
F1442,ARB,Arbres,Trees,direct_category,49.35180982,5.99018872,medium,1.0,,,False,49.35180982,5.99018872,1,12.9,3327
F1443,ARB,Arbres,Trees,direct_category,49.35181402,5.99014285,medium,1.0,,,False,49.35181402,5.99014285,3,10.23,3255 3294 3354
F1444,ARB,Arbres,Trees,direct_category,49.35183872,5.9901798,medium,1.0,,,False,49.35183872,5.9901798,1,14.82,3255
F1445,ARB,Arbres,Trees,direct_category,49.35190387,5.99018048,medium,1.0,,,False,49.35190387,5.99018048,1,12.9,3327
F1446,ARB,Arbres,Trees,direct_category,49.35191272,5.99013838,medium,1.0,,,False,49.35191272,5.99013838,3,7.46,3210 3255 3294
F1447,BAC,Bacs à fleurs,Planters,direct_category,49.35172328,5.98973067,medium,1.0,,,False,49.35172328,5.98973067,2,7.27,3444 3462
F1448,BAC,Bacs à fleurs,Planters,direct_category,49.35174539,5.98970215,medium,1.0,,,False,49.35174539,5.98970215,1,10.79,3479
F1449,BAN_CHO_01,Bancs,Benches,category_fallback,49.33295957,5.97798524,medium,1.0,good,Bon,False,49.33295957,5.97798524,3,5.48,36219 36252 36285
F1450,BAN_FEN_01,Bancs,Benches,described_model,49.33493455,5.9812788,high,1.0,good,Bon,False,49.33493455,5.9812788,5,3.08,33917 33947 33977 34010 34043
F1451,BAN_FEN_01,Bancs,Benches,described_model,49.33495156,5.98129412,high,1.0,good,Bon,False,49.33495156,5.98129412,2,5.65,33917 34010
F1452,BAN_FEN_01,Bancs,Benches,described_model,49.33498044,5.98128766,medium,1.0,good,Bon,False,49.33498044,5.98128766,1,8.84,33883
F1453,BAN_FEN_01,Bancs,Benches,described_model,49.3350118,5.9813296,medium,1.0,good,Bon,False,49.3350118,5.9813296,1,10.41,33848
F1454,BAN_FEN_01,Bancs,Benches,described_model,49.33502756,5.98127293,medium,1.0,good,Bon,False,49.33502756,5.98127293,2,13.19,33782 33812
F1455,BAN_CHO_01,Bancs,Benches,category_fallback,49.34922278,5.98498524,low,1.0,good,Bon,False,49.34922278,5.98498524,1,10.99,5778
F1456,BAN_CHO_01,Bancs,Benches,category_fallback,49.34926377,5.98505787,high,1.0,good,Bon,False,49.34926377,5.98505787,4,2.24,5675 5703 5727 5754
F1457,BAR_CHO_03,Barrières,Barriers,category_fallback,49.33295738,5.97791006,low,1.0,good,Bon,False,49.33295738,5.97791006,1,2.57,36285
F1458,BAR_CHO_03,Barrières,Barriers,category_fallback,49.33297485,5.97796777,low,1.0,good,Bon,False,49.33297485,5.97796777,3,6.75,36185 36219 36351
F1459,BAR_CHO_03,Barrières,Barriers,category_fallback,49.33301539,5.97799044,low,1.0,good,Bon,False,49.33301539,5.97799044,2,10.79,36123 36153
F1460,BAR_CHO_03,Barrières,Barriers,category_fallback,49.33333938,5.97617164,low,1.0,good,Bon,False,49.33333938,5.97617164,3,1.64,37217 37241 37262
F1461,BAR_CHO_03,Barrières,Barriers,category_fallback,49.33336827,5.97614915,low,1.0,damaged,Moyen,False,49.33336827,5.97614915,2,2.04,37217 37286
F1462,BAR_CHO_03,Barrières,Barriers,category_fallback,49.3333872,5.97610584,low,1.0,good,Bon,False,49.3333872,5.97610584,1,4.19,37310
F1463,BAR_CHO_03,Barrières,Barriers,category_fallback,49.33339313,5.97606207,low,1.0,good,Bon,False,49.33339313,5.97606207,1,10.41,37262
F1464,BAR_CHO_03,Barrières,Barriers,category_fallback,49.33343978,5.97605698,low,1.0,good,Bon,False,49.33343978,5.97605698,3,4.7,37286 37310 37358
F1465,BAR_CHO_03,Barrières,Barriers,category_fallback,49.33345984,5.97609015,low,1.0,good,Bon,False,49.33345984,5.97609015,1,5.65,37310
F1466,BAR_CHO_03,Barrières,Barriers,category_fallback,49.33346618,5.97603499,low,1.0,good,Bon,False,49.33346618,5.97603499,2,8.84,37406 37427
F1467,BAR_FEN_01,Barrières,Barriers,described_model,49.33377313,5.97312184,low,1.0,good,Bon,False,49.33377313,5.97312184,1,3.15,43687
F1468,BAR_FEN_01,Barrières,Barriers,described_model,49.33378368,5.97313738,medium,1.0,good,Bon,False,49.33378368,5.97313738,2,2.24,43169 43687
F1469,BAR_FEN_01,Barrières,Barriers,described_model,49.33406412,5.97421754,low,1.0,good,Bon,False,49.33406412,5.97421754,2,2.15,40028 41667
F1470,BAR_FEN_01,Barrières,Barriers,described_model,49.33406441,5.97422748,medium,1.0,good,Bon,False,49.33406441,5.97422748,1,2.15,40028
F1471,BAR_FEN_01,Barrières,Barriers,described_model,49.33410945,5.97419268,low,1.0,good,Bon,False,49.33410945,5.97419268,1,4.74,41452
F1472,BAR_FEN_01,Barrières,Barriers,described_model,49.33410963,5.9742082,low,1.0,good,Bon,False,49.33410963,5.9742082,1,5.31,41452
F1473,BAR_CHO_03,Barrières,Barriers,category_fallback,49.3349009,5.98122546,low,1.0,good,Bon,False,49.3349009,5.98122546,2,6.92,34073 34103
F1474,BAR_CHO_03,Barrières,Barriers,category_fallback,49.33491171,5.98126873,low,1.0,good,Bon,False,49.33491171,5.98126873,1,8.21,33947
F1475,BAR_CHO_03,Barrières,Barriers,category_fallback,49.33638606,5.98090213,low,1.0,good,Bon,False,49.33638606,5.98090213,1,1.55,32876
F1476,BAR_CHO_03,Barrières,Barriers,category_fallback,49.33642996,5.98091362,low,1.0,good,Bon,False,49.33642996,5.98091362,1,1.55,32841
F1477,BAR_CHO_03,Barrières,Barriers,category_fallback,49.33647722,5.98094592,low,1.0,good,Bon,False,49.33647722,5.98094592,3,1.64,32715 32760 32799
F1478,BAR_CHO_03,Barrières,Barriers,category_fallback,49.33650429,5.98096287,low,1.0,good,Bon,False,49.33650429,5.98096287,2,1.69,32715 32760
F1479,BAR_CHO_03,Barrières,Barriers,category_fallback,49.33761255,5.98059527,low,1.0,good,Bon,False,49.33761255,5.98059527,1,1.59,31837
F1480,BAR_CHO_03,Barrières,Barriers,category_fallback,49.33762285,5.98058058,low,1.0,good,Bon,False,49.33762285,5.98058058,3,1.6,31785 31813 31837
F1481,BAR_CHO_03,Barrières,Barriers,category_fallback,49.34365681,5.98135112,low,1.0,good,Bon,False,49.34365681,5.98135112,2,1.79,27021 27057
F1482,BAR_CHO_03,Barrières,Barriers,category_fallback,49.34368233,5.98135581,low,1.0,good,Bon,False,49.34368233,5.98135581,2,1.69,26985 27021
F1483,BAR_CHO_03,Barrières,Barriers,category_fallback,49.34368872,5.9813093,low,1.0,good,Bon,False,49.34368872,5.9813093,1,6.52,27057
F1484,BAR_CHO_03,Barrières,Barriers,category_fallback,49.34372132,5.98134462,low,1.0,good,Bon,False,49.34372132,5.98134462,3,1.7,26904 26946 26985
F1485,BAR_CHO_03,Barrières,Barriers,category_fallback,49.34375669,5.9813161,low,1.0,good,Bon,False,49.34375669,5.9813161,4,1.75,26862 26904 26946 26985
F1486,BAR_CHO_03,Barrières,Barriers,category_fallback,49.34378818,5.98128653,low,1.0,good,Bon,False,49.34378818,5.98128653,2,1.72,26862 26904
F1487,BAR_CHO_03,Barrières,Barriers,category_fallback,49.3438104,5.98125365,low,1.0,good,Bon,False,49.3438104,5.98125365,3,1.73,26781 26820 26862
F1488,BAR_CHO_03,Barrières,Barriers,category_fallback,49.34382009,5.98119878,low,1.0,good,Bon,False,49.34382009,5.98119878,2,8.84,26697 26741
F1489,BAR_CHO_03,Barrières,Barriers,category_fallback,49.34422092,5.98048739,low,1.0,good,Bon,False,49.34422092,5.98048739,1,5.83,26194
F1490,BAR_CHO_03,Barrières,Barriers,category_fallback,49.3442575,5.98045905,low,1.0,good,Bon,False,49.3442575,5.98045905,1,5.83,26163
F1491,BAR_CHO_03,Barrières,Barriers,category_fallback,49.34428148,5.98042457,low,1.0,good,Bon,False,49.34428148,5.98042457,1,6.37,26131
F1492,BAR_FEN_02,Barrières,Barriers,described_model,49.34460296,5.97985923,high,1.0,good,Bon,False,49.34460296,5.97985923,1,6.16,25587
F1493,BAR_FEN_02,Barrières,Barriers,described_model,49.34461483,5.97985599,high,1.0,good,Bon,False,49.34461483,5.97985599,3,3.6,22789 23125 25587
F1494,BAR_FEN_02,Barrières,Barriers,described_model,49.34464434,5.97986592,medium,1.0,good,Bon,False,49.34464434,5.97986592,2,4.09,21950 22082
F1495,BAR_FEN_02,Barrières,Barriers,described_model,49.34464755,5.97981783,high,1.0,good,Bon,False,49.34464755,5.97981783,1,8.33,22031
F1496,BAR_FEN_02,Barrières,Barriers,described_model,49.34467401,5.97979277,high,1.0,good,Bon,False,49.34467401,5.97979277,1,4.3,21950
F1497,BAR_FEN_02,Barrières,Barriers,described_model,49.34467847,5.97986753,high,1.0,good,Bon,False,49.34467847,5.97986753,5,1.53,18722 21950 22522 22789 23125
F1498,BAR_FEN_02,Barrières,Barriers,described_model,49.34468944,5.97980835,high,1.0,good,Bon,False,49.34468944,5.97980835,2,4.19,18644 21950
F1499,BAR_CHO_03,Barrières,Barriers,category_fallback,49.34471874,5.97992289,low,1.0,good,Bon,False,49.34471874,5.97992289,2,2.73,22454 22522
F1500,BAR_FEN_02,Barrières,Barriers,described_model,49.34473655,5.97989248,high,1.0,good,Bon,False,49.34473655,5.97989248,1,7.0,22654
F1501,BAR_CHO_03,Barrières,Barriers,category_fallback,49.34485835,5.97996036,low,1.0,good,Bon,False,49.34485835,5.97996036,1,4.26,18506
F1502,BAR_CHO_03,Barrières,Barriers,category_fallback,49.34486583,5.98002524,low,1.0,good,Bon,False,49.34486583,5.98002524,1,7.87,22196
F1503,BAR_CHO_03,Barrières,Barriers,category_fallback,49.34488879,5.97999441,low,1.0,good,Bon,False,49.34488879,5.97999441,2,4.06,18462 18483
F1504,BAR_CHO_03,Barrières,Barriers,category_fallback,49.34492187,5.98002644,low,1.0,good,Bon,False,49.34492187,5.98002644,2,4.45,18441 18462
F1505,BAR_CHO_03,Barrières,Barriers,category_fallback,49.34495379,5.98005243,low,1.0,good,Bon,False,49.34495379,5.98005243,1,4.06,18441
F1506,BAR_CHO_03,Barrières,Barriers,category_fallback,49.34498514,5.97996812,low,1.0,good,Bon,False,49.34498514,5.97996812,1,3.89,18441
F1507,BAR_CHO_03,Barrières,Barriers,category_fallback,49.34498725,5.98008494,low,1.0,good,Bon,False,49.34498725,5.98008494,2,3.68,18399 18420
F1508,BAR_CHO_03,Barrières,Barriers,category_fallback,49.34501609,5.98000069,low,1.0,good,Bon,False,49.34501609,5.98000069,1,3.8,18420
F1509,BAR_CHO_03,Barrières,Barriers,category_fallback,49.34504858,5.98003258,low,1.0,good,Bon,False,49.34504858,5.98003258,3,4.06,18348 18375 18399
F1510,BAR_CHO_03,Barrières,Barriers,category_fallback,49.34506906,5.98019799,low,1.0,good,Bon,False,49.34506906,5.98019799,1,4.78,18348
F1511,BAR_CHO_03,Barrières,Barriers,category_fallback,49.3451032,5.98023569,low,1.0,good,Bon,False,49.3451032,5.98023569,1,4.38,18321
F1512,BAR_CHO_03,Barrières,Barriers,category_fallback,49.34515173,5.98032626,low,1.0,good,Bon,False,49.34515173,5.98032626,2,1.55,17838 18261
F1513,BAR_CHO_03,Barrières,Barriers,category_fallback,49.3451987,5.98037764,low,1.0,good,Bon,False,49.3451987,5.98037764,2,1.6,17754 17790
F1514,BAR_CHO_03,Barrières,Barriers,category_fallback,49.34523773,5.98041153,low,1.0,good,Bon,False,49.34523773,5.98041153,1,1.71,17721
F1515,BAR_CHO_03,Barrières,Barriers,category_fallback,49.34530014,5.98047407,low,1.0,good,Bon,False,49.34530014,5.98047407,1,1.71,17655
F1516,BAR_CHO_03,Barrières,Barriers,category_fallback,49.34637206,5.98102565,low,1.0,good,Bon,False,49.34637206,5.98102565,1,4.16,15947
F1517,BAR_CHO_03,Barrières,Barriers,category_fallback,49.34643696,5.98094753,low,1.0,good,Bon,False,49.34643696,5.98094753,1,7.56,11230
F1518,BAR_CHO_03,Barrières,Barriers,category_fallback,49.3465512,5.98091302,low,1.0,good,Bon,False,49.3465512,5.98091302,1,5.06,11251
F1519,BAR_CHO_03,Barrières,Barriers,category_fallback,49.34656867,5.9808781,low,1.0,good,Bon,False,49.34656867,5.9808781,2,8.84,11293 11314
F1520,INC,Bornes à incendie,Fire hydrants,direct_category,49.35165537,5.99003456,medium,1.0,,,False,49.35165537,5.99003456,2,12.9,3402 3423
F1521,BOU-E,Bouches d’égout,Manholes,direct_category,49.33309848,5.97808856,medium,1.0,,,False,49.33309848,5.97808856,2,1.69,36056 36153
F1522,BOU-E,Bouches d’égout,Manholes,direct_category,49.33325075,5.97239381,medium,1.0,,,False,49.33325075,5.97239381,1,2.07,44508
F1523,BOU-E,Bouches d’égout,Manholes,direct_category,49.33330894,5.97241938,medium,1.0,,,False,49.33330894,5.97241938,1,8.91,44356
F1524,BOU-E,Bouches d’égout,Manholes,direct_category,49.33408348,5.97430818,medium,1.0,,,False,49.33408348,5.97430818,1,2.5,39914
F1525,BOU-E,Bouches d’égout,Manholes,direct_category,49.33409636,5.97434948,medium,1.0,,,False,49.33409636,5.97434948,1,2.16,39845
F1526,BOU-E,Bouches d’égout,Manholes,direct_category,49.33410022,5.97434836,medium,1.0,,,False,49.33410022,5.97434836,1,2.45,39845
F1527,BOU-E,Bouches d’égout,Manholes,direct_category,49.33418843,5.97379351,medium,1.0,,,False,49.33418843,5.97379351,1,7.72,41931
F1528,BOU-E,Bouches d’égout,Manholes,direct_category,49.34022648,5.97988462,medium,1.0,,,False,49.34022648,5.97988462,1,8.45,29841
F1529,BOU-E,Bouches d’égout,Manholes,direct_category,49.34402509,5.9807623,medium,1.0,,,False,49.34402509,5.9807623,1,2.29,26485
F1530,BOU-E,Bouches d’égout,Manholes,direct_category,49.34403052,5.98076756,medium,1.0,,,False,49.34403052,5.98076756,1,2.42,26485
F1531,BOU-E,Bouches d’égout,Manholes,direct_category,49.34533271,5.98054152,medium,1.0,,,False,49.34533271,5.98054152,1,4.99,17592
F1532,BOU-E,Bouches d’égout,Manholes,direct_category,49.34535806,5.9805127,medium,1.0,,,False,49.34535806,5.9805127,1,1.9,17625
F1533,BOU-E,Bouches d’égout,Manholes,direct_category,49.34539779,5.98055007,medium,1.0,,,False,49.34539779,5.98055007,1,2.99,17592
F1534,BOU-E,Bouches d’égout,Manholes,direct_category,49.345415,5.98063818,medium,1.0,,,False,49.345415,5.98063818,1,5.24,17519
F1535,BOU-E,Bouches d’égout,Manholes,direct_category,49.3458382,5.9809707,medium,1.0,,,False,49.3458382,5.9809707,2,2.82,16987 17026
F1536,BOU-E,Bouches d’égout,Manholes,direct_category,49.34665659,5.98152359,medium,1.0,,,False,49.34665659,5.98152359,1,2.91,9252
F1537,BOU-E,Bouches d’égout,Manholes,direct_category,49.34675686,5.98047739,medium,1.0,,,False,49.34675686,5.98047739,1,14.82,11472
F1538,BOU-E,Bouches d’égout,Manholes,direct_category,49.34933853,5.98521889,medium,1.0,,,False,49.34933853,5.98521889,1,2.05,5595
F1539,BOU-E,Bouches d’égout,Manholes,direct_category,49.34949326,5.9854133,medium,1.0,,,False,49.34949326,5.9854133,1,2.96,5478
F1540,CEN,Cendriers,Ashtrays,direct_category,49.33298104,5.97797669,medium,1.0,,,False,49.33298104,5.97797669,3,2.4,36219 36252 36285
F1541,CEN,Cendriers,Ashtrays,direct_category,49.3342063,5.97374111,medium,1.0,,,False,49.3342063,5.97374111,1,11.42,41969
F1542,CEN,Cendriers,Ashtrays,direct_category,49.33496616,5.98129099,medium,1.0,,,False,49.33496616,5.98129099,2,2.52,33947 33977
F1543,CEN,Cendriers,Ashtrays,direct_category,49.34404176,5.98071029,medium,1.0,,,False,49.34404176,5.98071029,1,2.54,26451
F1544,CEN,Cendriers,Ashtrays,direct_category,49.34404475,5.98071205,medium,1.0,,,False,49.34404475,5.98071205,1,2.5,26451
F1545,COR_CHO_01,Corbeille,Litter bins,category_fallback,49.3329877,5.97799728,medium,1.0,good,Bon,False,49.3329877,5.97799728,1,10.41,36318
F1546,COR_CHO_01,Corbeille,Litter bins,category_fallback,49.33497737,5.98129159,medium,1.0,good,Bon,False,49.33497737,5.98129159,4,4.74,33883 33917 34010 34043
F1547,GRI,"Grilles, avaloirs",Drainage grates and stormwater inlets,direct_category,49.33294639,5.97776887,medium,1.0,,,False,49.33294639,5.97776887,1,3.01,36351
F1548,GRI,"Grilles, avaloirs",Drainage grates and stormwater inlets,direct_category,49.33295547,5.97730241,medium,1.0,,,False,49.33295547,5.97730241,1,3.03,36602
F1549,GRI,"Grilles, avaloirs",Drainage grates and stormwater inlets,direct_category,49.33300527,5.97717623,medium,1.0,,,False,49.33300527,5.97717623,1,8.15,36638
F1550,GRI,"Grilles, avaloirs",Drainage grates and stormwater inlets,direct_category,49.33336544,5.97249701,medium,1.0,,,False,49.33336544,5.97249701,1,8.84,44290
F1551,GRI,"Grilles, avaloirs",Drainage grates and stormwater inlets,direct_category,49.33340352,5.9782826,medium,1.0,,,False,49.33340352,5.9782826,1,8.45,35829
F1552,GRI,"Grilles, avaloirs",Drainage grates and stormwater inlets,direct_category,49.33341886,5.97260584,medium,1.0,,,False,49.33341886,5.97260584,1,5.18,44323
F1553,GRI,"Grilles, avaloirs",Drainage grates and stormwater inlets,direct_category,49.33345435,5.97265189,medium,1.0,,,False,49.33345435,5.97265189,1,2.19,44257
F1554,GRI,"Grilles, avaloirs",Drainage grates and stormwater inlets,direct_category,49.33373872,5.97889721,medium,1.0,,,False,49.33373872,5.97889721,1,9.12,35443
F1555,GRI,"Grilles, avaloirs",Drainage grates and stormwater inlets,direct_category,49.33394981,5.97930874,medium,1.0,,,False,49.33394981,5.97930874,1,3.64,35275
F1556,GRI,"Grilles, avaloirs",Drainage grates and stormwater inlets,direct_category,49.33396516,5.97937238,medium,1.0,,,False,49.33396516,5.97937238,1,4.26,35248
F1557,GRI,"Grilles, avaloirs",Drainage grates and stormwater inlets,direct_category,49.33415038,5.98002334,medium,1.0,,,False,49.33415038,5.98002334,1,4.61,34861
F1558,GRI,"Grilles, avaloirs",Drainage grates and stormwater inlets,direct_category,49.33427496,5.98025637,medium,1.0,,,False,49.33427496,5.98025637,1,8.45,34705
F1559,GRI,"Grilles, avaloirs",Drainage grates and stormwater inlets,direct_category,49.33516633,5.98123448,medium,1.0,,,False,49.33516633,5.98123448,1,12.63,33701
F1560,GRI,"Grilles, avaloirs",Drainage grates and stormwater inlets,direct_category,49.3351803,5.98123974,medium,1.0,,,False,49.3351803,5.98123974,1,11.2,33701
F1561,GRI,"Grilles, avaloirs",Drainage grates and stormwater inlets,direct_category,49.3351899,5.98124255,medium,1.0,,,False,49.3351899,5.98124255,1,10.23,33701
F1562,GRI,"Grilles, avaloirs",Drainage grates and stormwater inlets,direct_category,49.33521316,5.9812487,medium,1.0,,,False,49.33521316,5.9812487,1,7.98,33701
F1563,GRI,"Grilles, avaloirs",Drainage grates and stormwater inlets,direct_category,49.33521511,5.98123376,medium,1.0,,,False,49.33521511,5.98123376,1,7.37,33701
F1564,GRI,"Grilles, avaloirs",Drainage grates and stormwater inlets,direct_category,49.3375933,5.98062771,medium,1.0,,,False,49.3375933,5.98062771,1,1.83,31861
F1565,GRI,"Grilles, avaloirs",Drainage grates and stormwater inlets,direct_category,49.3377368,5.98038782,medium,1.0,,,False,49.3377368,5.98038782,1,10.32,31654
F1566,GRI,"Grilles, avaloirs",Drainage grates and stormwater inlets,direct_category,49.33778132,5.98034147,medium,1.0,,,False,49.33778132,5.98034147,1,4.7,31654
F1567,GRI,"Grilles, avaloirs",Drainage grates and stormwater inlets,direct_category,49.33875043,5.97951306,medium,1.0,,,False,49.33875043,5.97951306,1,2.45,30949
F1568,GRI,"Grilles, avaloirs",Drainage grates and stormwater inlets,direct_category,49.33983006,5.97977089,medium,1.0,,,False,49.33983006,5.97977089,1,2.99,30183
F1569,GRI,"Grilles, avaloirs",Drainage grates and stormwater inlets,direct_category,49.33997449,5.97978564,medium,1.0,,,False,49.33997449,5.97978564,1,7.87,30024
F1570,GRI,"Grilles, avaloirs",Drainage grates and stormwater inlets,direct_category,49.34008998,5.97985753,medium,1.0,,,False,49.34008998,5.97985753,1,1.77,29997
F1571,GRI,"Grilles, avaloirs",Drainage grates and stormwater inlets,direct_category,49.34090879,5.98042815,medium,1.0,,,False,49.34090879,5.98042815,1,8.51,29305
F1572,GRI,"Grilles, avaloirs",Drainage grates and stormwater inlets,direct_category,49.34093779,5.98051335,medium,1.0,,,False,49.34093779,5.98051335,1,10.23,29254
F1573,GRI,"Grilles, avaloirs",Drainage grates and stormwater inlets,direct_category,49.34094299,5.98051355,medium,1.0,,,False,49.34094299,5.98051355,1,9.72,29254
F1574,GRI,"Grilles, avaloirs",Drainage grates and stormwater inlets,direct_category,49.34094614,5.98051195,medium,1.0,,,False,49.34094614,5.98051195,1,9.49,29254
F1575,GRI,"Grilles, avaloirs",Drainage grates and stormwater inlets,direct_category,49.34095075,5.98050884,medium,1.0,,,False,49.34095075,5.98050884,1,9.19,29254
F1576,GRI,"Grilles, avaloirs",Drainage grates and stormwater inlets,direct_category,49.34095102,5.98051165,medium,1.0,,,False,49.34095102,5.98051165,1,9.04,29254
F1577,GRI,"Grilles, avaloirs",Drainage grates and stormwater inlets,direct_category,49.34095484,5.9805069,medium,1.0,,,False,49.34095484,5.9805069,1,8.91,29254
F1578,GRI,"Grilles, avaloirs",Drainage grates and stormwater inlets,direct_category,49.34095864,5.98050551,medium,1.0,,,False,49.34095864,5.98050551,1,8.64,29254
F1579,GRI,"Grilles, avaloirs",Drainage grates and stormwater inlets,direct_category,49.34096312,5.98051615,medium,1.0,,,False,49.34096312,5.98051615,1,7.77,29254
F1580,GRI,"Grilles, avaloirs",Drainage grates and stormwater inlets,direct_category,49.34096314,5.9805042,medium,1.0,,,False,49.34096314,5.9805042,1,8.33,29254
F1581,GRI,"Grilles, avaloirs",Drainage grates and stormwater inlets,direct_category,49.3409664,5.98049799,medium,1.0,,,False,49.3409664,5.98049799,1,8.39,29254
F1582,GRI,"Grilles, avaloirs",Drainage grates and stormwater inlets,direct_category,49.34096692,5.98050286,medium,1.0,,,False,49.34096692,5.98050286,1,8.1,29254
F1583,GRI,"Grilles, avaloirs",Drainage grates and stormwater inlets,direct_category,49.34097051,5.98050187,medium,1.0,,,False,49.34097051,5.98050187,1,7.88,29254
F1584,GRI,"Grilles, avaloirs",Drainage grates and stormwater inlets,direct_category,49.34097425,5.98050075,medium,1.0,,,False,49.34097425,5.98050075,1,7.66,29254
F1585,GRI,"Grilles, avaloirs",Drainage grates and stormwater inlets,direct_category,49.34158245,5.98106441,medium,1.0,,,False,49.34158245,5.98106441,1,4.66,28770
F1586,GRI,"Grilles, avaloirs",Drainage grates and stormwater inlets,direct_category,49.34180411,5.98106791,medium,1.0,,,False,49.34180411,5.98106791,1,8.71,28582
F1587,GRI,"Grilles, avaloirs",Drainage grates and stormwater inlets,direct_category,49.34185209,5.98106923,medium,1.0,,,False,49.34185209,5.98106923,1,4.63,28582
F1588,GRI,"Grilles, avaloirs",Drainage grates and stormwater inlets,direct_category,49.34186782,5.98098497,medium,1.0,,,False,49.34186782,5.98098497,1,8.27,28522
F1589,GRI,"Grilles, avaloirs",Drainage grates and stormwater inlets,direct_category,49.34193145,5.98092539,medium,1.0,,,False,49.34193145,5.98092539,1,8.33,28463
F1590,GRI,"Grilles, avaloirs",Drainage grates and stormwater inlets,direct_category,49.34260754,5.98051244,medium,1.0,,,False,49.34260754,5.98051244,1,7.98,27920
F1591,GRI,"Grilles, avaloirs",Drainage grates and stormwater inlets,direct_category,49.34396862,5.98082784,medium,1.0,,,False,49.34396862,5.98082784,1,9.72,26451
F1592,GRI,"Grilles, avaloirs",Drainage grates and stormwater inlets,direct_category,49.3443217,5.98033378,medium,1.0,,,False,49.3443217,5.98033378,1,7.46,26062
F1593,GRI,"Grilles, avaloirs",Drainage grates and stormwater inlets,direct_category,49.34434325,5.98035265,medium,1.0,,,False,49.34434325,5.98035265,1,6.09,26062
F1594,GRI,"Grilles, avaloirs",Drainage grates and stormwater inlets,direct_category,49.34462066,5.98000769,medium,1.0,,,False,49.34462066,5.98000769,1,4.78,25587
F1595,GRI,"Grilles, avaloirs",Drainage grates and stormwater inlets,direct_category,49.34540818,5.98057852,medium,1.0,,,False,49.34540818,5.98057852,1,1.78,17556
F1596,GRI,"Grilles, avaloirs",Drainage grates and stormwater inlets,direct_category,49.34585194,5.98096772,medium,1.0,,,False,49.34585194,5.98096772,1,3.19,16936
F1597,GRI,"Grilles, avaloirs",Drainage grates and stormwater inlets,direct_category,49.34588758,5.98089324,medium,1.0,,,False,49.34588758,5.98089324,1,4.55,16774
F1598,GRI,"Grilles, avaloirs",Drainage grates and stormwater inlets,direct_category,49.34589943,5.9808002,medium,1.0,,,False,49.34589943,5.9808002,1,2.78,16774
F1599,GRI,"Grilles, avaloirs",Drainage grates and stormwater inlets,direct_category,49.34645033,5.98108572,medium,1.0,,,False,49.34645033,5.98108572,2,2.38,11152 11182
F1600,GRI,"Grilles, avaloirs",Drainage grates and stormwater inlets,direct_category,49.34645402,5.98099686,medium,1.0,,,False,49.34645402,5.98099686,3,3.56,11182 11206 15863
F1601,GRI,"Grilles, avaloirs",Drainage grates and stormwater inlets,direct_category,49.34646584,5.98095839,medium,1.0,,,False,49.34646584,5.98095839,4,3.36,11182 11206 11230 11251
F1602,GRI,"Grilles, avaloirs",Drainage grates and stormwater inlets,direct_category,49.34649088,5.98126928,medium,1.0,,,False,49.34649088,5.98126928,1,9.33,10627
F1603,GRI,"Grilles, avaloirs",Drainage grates and stormwater inlets,direct_category,49.34672357,5.98157135,medium,1.0,,,False,49.34672357,5.98157135,1,3.46,9191
F1604,GRI,"Grilles, avaloirs",Drainage grates and stormwater inlets,direct_category,49.34683626,5.98170629,medium,1.0,,,False,49.34683626,5.98170629,4,2.21,9066 9090 9117 9141
F1605,GRI,"Grilles, avaloirs",Drainage grates and stormwater inlets,direct_category,49.34722836,5.98205622,medium,1.0,,,False,49.34722836,5.98205622,1,2.55,8733
F1606,GRI,"Grilles, avaloirs",Drainage grates and stormwater inlets,direct_category,49.34728058,5.98203817,medium,1.0,,,False,49.34728058,5.98203817,1,3.41,8733
F1607,GRI,"Grilles, avaloirs",Drainage grates and stormwater inlets,direct_category,49.34730766,5.98209527,medium,1.0,,,False,49.34730766,5.98209527,1,3.08,8682
F1608,GRI,"Grilles, avaloirs",Drainage grates and stormwater inlets,direct_category,49.3478145,5.9826739,medium,1.0,,,False,49.3478145,5.9826739,1,1.95,6947
F1609,GRI,"Grilles, avaloirs",Drainage grates and stormwater inlets,direct_category,49.34981147,5.98577923,medium,1.0,,,False,49.34981147,5.98577923,2,2.79,5119 5152
F1610,GRI,"Grilles, avaloirs",Drainage grates and stormwater inlets,direct_category,49.35051859,5.98722649,medium,1.0,,,False,49.35051859,5.98722649,2,2.44,4501 4519
F1611,GRI,"Grilles, avaloirs",Drainage grates and stormwater inlets,direct_category,49.35076345,5.98783459,medium,1.0,,,False,49.35076345,5.98783459,1,2.79,4304
F1612,GRI,"Grilles, avaloirs",Drainage grates and stormwater inlets,direct_category,49.35086586,5.98802019,medium,1.0,,,False,49.35086586,5.98802019,1,3.0,4232
F1613,GRI,"Grilles, avaloirs",Drainage grates and stormwater inlets,direct_category,49.3510051,5.98841697,medium,1.0,,,False,49.3510051,5.98841697,2,2.43,4054 4076
F1614,GRI,"Grilles, avaloirs",Drainage grates and stormwater inlets,direct_category,49.35128685,5.98902822,medium,1.0,,,False,49.35128685,5.98902822,2,1.95,3803 3824
F1615,HOR,Horodateurs,Parking meters,direct_category,49.33651727,5.98084115,medium,1.0,,,False,49.33651727,5.98084115,1,7.27,32760
F1616,HOR,Horodateurs,Parking meters,direct_category,49.34415906,5.98052322,medium,1.0,,,False,49.34415906,5.98052322,1,1.55,26284
F1617,HOR,Horodateurs,Parking meters,direct_category,49.35113232,5.98861723,medium,1.0,,,False,49.35113232,5.98861723,1,1.55,3971
F1618,HOR,Horodateurs,Parking meters,direct_category,49.35183478,5.9899399,medium,1.0,,,False,49.35183478,5.9899399,1,4.92,3354
F1619,HOR,Horodateurs,Parking meters,direct_category,49.35184728,5.98982395,medium,1.0,,,False,49.35184728,5.98982395,1,12.9,3378
F1620,HOR,Horodateurs,Parking meters,direct_category,49.35188933,5.98995198,medium,1.0,,,False,49.35188933,5.98995198,1,5.77,3294
F1621,PAPV,Points d’apport volontaire,Waste and recycling drop-off points,direct_category,49.35138607,5.9890856,medium,1.0,,,False,49.35138607,5.9890856,1,10.05,3803
F1622,ECL_SIE_06,Points d’éclairage,Lighting points,category_fallback,49.34648412,5.98093811,medium,1.0,good,Bon,False,49.34648412,5.98093811,2,12.63,11119 11152
F1623,ECL_SIE_06,Points d’éclairage,Lighting points,category_fallback,49.34648727,5.98087556,medium,1.0,good,Bon,False,49.34648727,5.98087556,6,3.83,11182 11206 11230 11272 11293 15863
F1624,ECL_SIE_06,Points d’éclairage,Lighting points,category_fallback,49.34656763,5.98055723,medium,1.0,good,Bon,False,49.34656763,5.98055723,2,6.37,11314 11341
F1625,ECL_SIE_06,Points d’éclairage,Lighting points,category_fallback,49.34658145,5.98051774,medium,1.0,good,Bon,False,49.34658145,5.98051774,2,5.65,11371 11514
F1626,ECL_SIE_06,Points d’éclairage,Lighting points,category_fallback,49.34658511,5.98047387,medium,1.0,good,Bon,False,49.34658511,5.98047387,3,3.12,11404 11437 11472
F1627,ECL_SIE_06,Points d’éclairage,Lighting points,category_fallback,49.34660944,5.98139876,medium,1.0,good,Bon,False,49.34660944,5.98139876,1,8.21,9252
F1628,ECL_SIE_06,Points d’éclairage,Lighting points,category_fallback,49.34662794,5.98145178,medium,1.0,good,Bon,False,49.34662794,5.98145178,1,2.62,9288
F1629,ECL_SIE_06,Points d’éclairage,Lighting points,category_fallback,49.34670098,5.98147253,low,1.0,good,Bon,False,49.34670098,5.98147253,1,13.48,9327
F1630,ECL_SIE_06,Points d’éclairage,Lighting points,category_fallback,49.34678731,5.98161189,medium,1.0,good,Bon,False,49.34678731,5.98161189,1,3.57,9141
F1631,ECL_SIE_06,Points d’éclairage,Lighting points,category_fallback,49.3468395,5.98167054,medium,1.0,good,Bon,False,49.3468395,5.98167054,1,7.77,9033
F1632,ECL_SIE_06,Points d’éclairage,Lighting points,category_fallback,49.34697931,5.98170877,medium,1.0,good,Bon,False,49.34697931,5.98170877,1,9.41,9033
F1633,ECL_SIE_06,Points d’éclairage,Lighting points,category_fallback,49.3472424,5.98206317,low,1.0,good,Bon,False,49.3472424,5.98206317,1,1.53,8733
F1634,ECL_SIE_06,Points d’éclairage,Lighting points,category_fallback,49.34725105,5.98198932,medium,1.0,good,Bon,False,49.34725105,5.98198932,5,3.74,8615 8682 8733 8759 8811
F1635,ECL_SIE_06,Points d’éclairage,Lighting points,category_fallback,49.3473545,5.98213115,medium,1.0,good,Bon,False,49.3473545,5.98213115,2,4.66,8615 8682
F1636,ECL_SIE_06,Points d’éclairage,Lighting points,category_fallback,49.34746786,5.9821703,medium,1.0,good,Bon,False,49.34746786,5.9821703,1,9.41,8161
F1637,ECL_SIE_06,Points d’éclairage,Lighting points,category_fallback,49.34749729,5.98225668,medium,1.0,good,Bon,False,49.34749729,5.98225668,2,3.31,8253 8320
F1638,ECL_SIE_06,Points d’éclairage,Lighting points,category_fallback,49.34764921,5.98237554,medium,1.0,good,Bon,False,49.34764921,5.98237554,2,5.65,7084 7214
F1639,ECL_SIE_06,Points d’éclairage,Lighting points,category_fallback,49.34765235,5.98241415,medium,1.0,good,Bon,False,49.34765235,5.98241415,4,3.93,7031 7055 7127 7436
F1640,ECL_SIE_06,Points d’éclairage,Lighting points,category_fallback,49.34778023,5.9825014,medium,1.0,good,Bon,False,49.34778023,5.9825014,1,8.71,6968
F1641,ECL_SIE_06,Points d’éclairage,Lighting points,category_fallback,49.34779274,5.98256986,medium,1.0,good,Bon,False,49.34779274,5.98256986,4,3.01,6947 6989 7009 7031
F1642,ECL_SIE_06,Points d’éclairage,Lighting points,category_fallback,49.34781136,5.98261049,low,1.0,good,Bon,False,49.34781136,5.98261049,1,7.66,6926
F1643,ECL_SIE_06,Points d’éclairage,Lighting points,category_fallback,49.34793424,5.98272732,medium,1.0,good,Bon,False,49.34793424,5.98272732,5,4.34,6842 6863 6884 6904 6926
F1644,ECL_SIE_06,Points d’éclairage,Lighting points,category_fallback,49.34805929,5.98293371,medium,1.0,good,Bon,False,49.34805929,5.98293371,2,3.39,6757 6800
F1645,ECL_SIE_06,Points d’éclairage,Lighting points,category_fallback,49.3480634,5.98286164,medium,1.0,good,Bon,False,49.3480634,5.98286164,1,8.84,6779
F1646,ECL_SIE_06,Points d’éclairage,Lighting points,category_fallback,49.34808238,5.9829916,medium,1.0,good,Bon,False,49.34808238,5.9829916,1,7.0,6737
F1647,ECL_SIE_06,Points d’éclairage,Lighting points,category_fallback,49.34818171,5.98312348,medium,1.0,good,Bon,False,49.34818171,5.98312348,5,4.26,6674 6695 6716 6737 6757
F1648,ECL_SIE_06,Points d’éclairage,Lighting points,category_fallback,49.34819622,5.9832026,medium,1.0,good,Bon,False,49.34819622,5.9832026,2,5.48,6632 6653
F1649,ECL_SIE_06,Points d’éclairage,Lighting points,category_fallback,49.34829567,5.9833896,medium,1.0,good,Bon,False,49.34829567,5.9833896,2,4.26,6548 6569
F1650,ECL_SIE_06,Points d’éclairage,Lighting points,category_fallback,49.34830042,5.98332204,medium,1.0,good,Bon,False,49.34830042,5.98332204,1,6.22,6590
F1651,ECL_SIE_06,Points d’éclairage,Lighting points,category_fallback,49.34835709,5.98338117,medium,1.0,good,Bon,False,49.34835709,5.98338117,1,10.99,6611
F1652,ECL_SIE_06,Points d’éclairage,Lighting points,category_fallback,49.34839166,5.98359488,medium,1.0,good,Bon,False,49.34839166,5.98359488,4,2.81,6465 6505 6527 6548
F1653,ECL_SIE_06,Points d’éclairage,Lighting points,category_fallback,49.34839244,5.98352068,medium,1.0,good,Bon,False,49.34839244,5.98352068,1,8.84,6485
F1654,ECL_SIE_06,Points d’éclairage,Lighting points,category_fallback,49.34849377,5.98383149,medium,1.0,good,Bon,False,49.34849377,5.98383149,2,2.81,6398 6423
F1655,ECL_SIE_06,Points d’éclairage,Lighting points,category_fallback,49.34850452,5.98377087,medium,1.0,good,Bon,False,49.34850452,5.98377087,1,8.71,6375
F1656,ECL_SIE_06,Points d’éclairage,Lighting points,category_fallback,49.34880666,5.9844635,medium,1.0,good,Bon,False,49.34880666,5.9844635,6,2.66,5994 6018 6042 6066 6093 6120
F1657,ECL_SIE_06,Points d’éclairage,Lighting points,category_fallback,49.3489377,5.98465347,medium,1.0,good,Bon,False,49.3489377,5.98465347,5,2.07,5898 5922 5946 5970 5994
F1658,ECL_SIE_06,Points d’éclairage,Lighting points,category_fallback,49.3490746,5.98485781,medium,1.0,good,Bon,False,49.3490746,5.98485781,6,1.62,5778 5802 5826 5850 5874 5898
F1659,ECL_SIE_06,Points d’éclairage,Lighting points,category_fallback,49.34919649,5.98500893,medium,1.0,good,Bon,False,49.34919649,5.98500893,1,9.56,5778
F1660,ECL_SIE_06,Points d’éclairage,Lighting points,category_fallback,49.34921738,5.98506306,medium,1.0,good,Bon,False,49.34921738,5.98506306,5,2.14,5649 5675 5703 5727 5754
F1661,ECL_SIE_06,Points d’éclairage,Lighting points,category_fallback,49.34958587,5.98553433,medium,1.0,good,Bon,False,49.34958587,5.98553433,1,8.98,5311
F1662,ECL_SIE_06,Points d’éclairage,Lighting points,category_fallback,49.34959073,5.98565096,medium,1.0,good,Bon,False,49.34959073,5.98565096,1,7.77,5269
F1663,ECL_SIE_06,Points d’éclairage,Lighting points,category_fallback,49.34960584,5.98545401,medium,1.0,good,Bon,False,49.34960584,5.98545401,2,6.59,5347 5404
F1664,ECL_SIE_06,Points d’éclairage,Lighting points,category_fallback,49.34961335,5.98565864,medium,1.0,good,Bon,False,49.34961335,5.98565864,2,5.06,5233 5269
F1665,ECL_SIE_06,Points d’éclairage,Lighting points,category_fallback,49.34961374,5.98553944,medium,1.0,good,Bon,False,49.34961374,5.98553944,3,2.83,5377 5404 5431
F1666,ECL_SIE_06,Points d’éclairage,Lighting points,category_fallback,49.34989714,5.98581037,medium,1.0,good,Bon,False,49.34989714,5.98581037,1,7.56,4981
F1667,ECL_SIE_06,Points d’éclairage,Lighting points,category_fallback,49.34991374,5.98587713,low,1.0,good,Bon,False,49.34991374,5.98587713,5,3.1,4915 4954 4981 5014 5047
F1668,ECL_SIE_06,Points d’éclairage,Lighting points,category_fallback,49.35004129,5.98605728,medium,1.0,good,Bon,False,49.35004129,5.98605728,3,2.97,4897 4915 4933
F1669,ECL_SIE_06,Points d’éclairage,Lighting points,category_fallback,49.35016381,5.986193,medium,1.0,good,Bon,False,49.35016381,5.986193,1,8.33,4807
F1670,ECL_SIE_06,Points d’éclairage,Lighting points,category_fallback,49.35016708,5.98627605,medium,1.0,good,Bon,False,49.35016708,5.98627605,3,4.3,4789 4825 4843
F1671,ECL_SIE_06,Points d’éclairage,Lighting points,category_fallback,49.35026493,5.98646219,medium,1.0,good,Bon,False,49.35026493,5.98646219,5,4.09,4699 4717 4735 4753 4771
F1672,ECL_SIE_06,Points d’éclairage,Lighting points,category_fallback,49.35036971,5.98666554,medium,1.0,good,Bon,False,49.35036971,5.98666554,1,8.84,4645
F1673,ECL_SIE_06,Points d’éclairage,Lighting points,category_fallback,49.35037002,5.98672152,medium,1.0,good,Bon,False,49.35037002,5.98672152,2,3.31,4663 4681
F1674,ECL_SIE_06,Points d’éclairage,Lighting points,category_fallback,49.35045364,5.98687653,medium,1.0,good,Bon,False,49.35045364,5.98687653,1,9.72,4573
F1675,ECL_SIE_06,Points d’éclairage,Lighting points,category_fallback,49.35046624,5.98693194,medium,1.0,good,Bon,False,49.35046624,5.98693194,2,4.87,4591 4609
F1676,ECL_SIE_06,Points d’éclairage,Lighting points,category_fallback,49.35054632,5.98717485,medium,1.0,good,Bon,False,49.35054632,5.98717485,2,3.1,4519 4537
F1677,ECL_SIE_06,Points d’éclairage,Lighting points,category_fallback,49.35054846,5.98710844,medium,1.0,good,Bon,False,49.35054846,5.98710844,1,8.84,4501
F1678,ECL_SIE_06,Points d’éclairage,Lighting points,category_fallback,49.35064308,5.98737569,low,1.0,good,Bon,False,49.35064308,5.98737569,3,4.19,4394 4430 4448
F1679,ECL_SIE_06,Points d’éclairage,Lighting points,category_fallback,49.35065362,5.98741578,low,1.0,good,Bon,False,49.35065362,5.98741578,2,5.26,4448 4466
F1680,ECL_SIE_06,Points d’éclairage,Lighting points,category_fallback,49.35073955,5.98764904,medium,1.0,good,Bon,False,49.35073955,5.98764904,1,3.46,4358
F1681,ECL_SIE_06,Points d’éclairage,Lighting points,category_fallback,49.3507409,5.9875848,medium,1.0,good,Bon,False,49.3507409,5.9875848,1,8.33,4340
F1682,ECL_SIE_06,Points d’éclairage,Lighting points,category_fallback,49.35083666,5.98784709,medium,1.0,good,Bon,False,49.35083666,5.98784709,1,7.0,4250
F1683,ECL_SIE_06,Points d’éclairage,Lighting points,category_fallback,49.35084263,5.98789302,medium,1.0,good,Bon,False,49.35084263,5.98789302,4,3.74,4232 4268 4286 4304
F1684,ECL_SIE_06,Points d’éclairage,Lighting points,category_fallback,49.35094055,5.98811676,low,1.0,good,Bon,False,49.35094055,5.98811676,2,3.89,4178 4196
F1685,ECL_SIE_06,Points d’éclairage,Lighting points,category_fallback,49.3510334,5.98831866,medium,1.0,good,Bon,False,49.3510334,5.98831866,2,5.65,4054 4076
F1686,ECL_SIE_06,Points d’éclairage,Lighting points,category_fallback,49.35112993,5.98857361,medium,1.0,good,Bon,False,49.35112993,5.98857361,2,3.44,3992 4012
F1687,ECL_SIE_06,Points d’éclairage,Lighting points,category_fallback,49.35113366,5.98844448,low,1.0,good,Bon,False,49.35113366,5.98844448,1,13.48,3971
F1688,ECL_SIE_06,Points d’éclairage,Lighting points,category_fallback,49.35123701,5.9887759,medium,1.0,good,Bon,False,49.35123701,5.9887759,5,5.42,3845 3865 3887 3907 3950
F1689,ECL_SIE_06,Points d’éclairage,Lighting points,category_fallback,49.35128219,5.98882346,medium,1.0,good,Bon,False,49.35128219,5.98882346,1,14.46,3929
F1690,ECL_SIE_06,Points d’éclairage,Lighting points,category_fallback,49.3513505,5.98900111,medium,1.0,good,Bon,False,49.3513505,5.98900111,1,8.98,3755
F1691,ECL_SIE_06,Points d’éclairage,Lighting points,category_fallback,49.35135582,5.98907602,medium,1.0,good,Bon,False,49.35135582,5.98907602,2,3.24,3731 3779
F1692,ECL_SIE_06,Points d’éclairage,Lighting points,category_fallback,49.35136317,5.98911455,medium,1.0,good,Bon,False,49.35136317,5.98911455,2,8.1,3685 3707
F1693,ECL_SIE_06,Points d’éclairage,Lighting points,category_fallback,49.35138216,5.98908735,medium,1.0,good,Bon,False,49.35138216,5.98908735,1,9.72,3803
F1694,ECL_SIE_06,Points d’éclairage,Lighting points,category_fallback,49.35149717,5.9896045,medium,1.0,good,Bon,False,49.35149717,5.9896045,6,6.92,3497 3518 3539 3559 3581 3602
F1695,ECL_SIE_06,Points d’éclairage,Lighting points,category_fallback,49.35163425,5.98987195,medium,1.0,good,Bon,False,49.35163425,5.98987195,4,7.0,3423 3444 3462 3479
F1696,ECL_SIE_06,Points d’éclairage,Lighting points,category_fallback,49.351659,5.98991621,low,1.0,good,Bon,False,49.351659,5.98991621,2,10.6,3378 3402
F1697,ECL_SIE_06,Points d’éclairage,Lighting points,category_fallback,49.35175807,5.99013043,high,1.0,good,Bon,False,49.35175807,5.99013043,3,10.23,3327 3354 3378
F1698,ECL_SIE_06,Points d’éclairage,Lighting points,category_fallback,49.35179912,5.99012124,high,1.0,good,Bon,False,49.35179912,5.99012124,2,12.63,3255 3294
F1699,POT_CHO_04,Potelets,Bollards,category_fallback,49.33296456,5.97792408,low,1.0,good,Bon,False,49.33296456,5.97792408,1,2.07,36285
F1700,POT_FEN_04,Potelets,Bollards,described_model,49.34701612,5.98193144,low,1.0,damaged,Moyen,False,49.34701612,5.98193144,2,5.48,8913 8943
F1701,POT_FEN_03,Potelets,Bollards,described_model,49.35172011,5.9898357,low,1.0,good,Bon,False,49.35172011,5.9898357,3,2.64,3444 3462 3497
F1702,POT_FEN_03,Potelets,Bollards,described_model,49.35172061,5.98978852,low,1.0,good,Bon,False,49.35172061,5.98978852,4,4.66,3444 3462 3479 3497
F1703,POT_FEN_03,Potelets,Bollards,described_model,49.35172252,5.98977883,low,1.0,good,Bon,False,49.35172252,5.98977883,4,5.21,3444 3462 3479 3497
F1704,POT_FEN_03,Potelets,Bollards,described_model,49.35172769,5.98984624,low,1.0,good,Bon,False,49.35172769,5.98984624,3,3.57,3444 3462 3497
F1705,POT_FEN_03,Potelets,Bollards,described_model,49.35172784,5.98975819,low,1.0,good,Bon,False,49.35172784,5.98975819,3,6.37,3462 3479 3497
F1706,POT_FEN_03,Potelets,Bollards,described_model,49.35173003,5.98972705,low,1.0,good,Bon,False,49.35173003,5.98972705,3,7.46,3462 3479 3497
F1707,POT_FEN_03,Potelets,Bollards,described_model,49.35174337,5.98986244,low,1.0,good,Bon,False,49.35174337,5.98986244,2,7.56,3378 3462
F1708,POT_FEN_03,Potelets,Bollards,described_model,49.35174904,5.98988472,low,1.0,good,Bon,False,49.35174904,5.98988472,4,3.31,3354 3378 3423 3444
F1709,POT_FEN_03,Potelets,Bollards,described_model,49.35175339,5.98987008,low,1.0,good,Bon,False,49.35175339,5.98987008,3,7.56,3354 3378 3462
F1710,POT_FEN_03,Potelets,Bollards,described_model,49.35175454,5.98988346,low,1.0,good,Bon,False,49.35175454,5.98988346,4,7.0,3327 3354 3378 3444
F1711,POT_FEN_03,Potelets,Bollards,described_model,49.35176552,5.98972097,low,1.0,good,Bon,False,49.35176552,5.98972097,1,12.63,3479
F1712,POT_FEN_03,Potelets,Bollards,described_model,49.35177586,5.98991294,low,1.0,good,Bon,False,49.35177586,5.98991294,4,3.44,3294 3327 3402 3423
F1713,POT_FEN_03,Potelets,Bollards,described_model,49.35177895,5.98989586,low,1.0,good,Bon,False,49.35177895,5.98989586,3,11.87,3294 3327 3462
F1714,POT_FEN_03,Potelets,Bollards,described_model,49.35178654,5.98991428,low,1.0,good,Bon,False,49.35178654,5.98991428,4,6.83,3294 3327 3423 3444
F1715,POT_FEN_03,Potelets,Bollards,described_model,49.35180985,5.98993217,low,1.0,good,Bon,False,49.35180985,5.98993217,4,6.92,3255 3294 3402 3423
F1716,POT_FEN_03,Potelets,Bollards,described_model,49.35181174,5.98993887,low,1.0,good,Bon,False,49.35181174,5.98993887,6,3.71,3255 3294 3354 3378 3402 3423
F1717,POT_FEN_03,Potelets,Bollards,described_model,49.35181557,5.98994932,low,1.0,good,Bon,False,49.35181557,5.98994932,1,13.48,3255
F1718,POT_FEN_03,Potelets,Bollards,described_model,49.35184438,5.98995026,low,1.0,good,Bon,False,49.35184438,5.98995026,6,5.16,3255 3294 3327 3354 3378 3402
F1719,POT_FEN_03,Potelets,Bollards,described_model,49.35184636,5.98995535,low,1.0,good,Bon,False,49.35184636,5.98995535,1,10.23,3255
F1720,POT_FEN_03,Potelets,Bollards,described_model,49.35185224,5.98995905,low,1.0,good,Bon,False,49.35185224,5.98995905,5,4.38,3255 3294 3327 3354 3378
F1721,POT_FEN_03,Potelets,Bollards,described_model,49.35185546,5.98995245,low,1.0,good,Bon,False,49.35185546,5.98995245,2,7.56,3255 3378
F1722,POT_FEN_03,Potelets,Bollards,described_model,49.35187197,5.98995675,low,1.0,good,Bon,False,49.35187197,5.98995675,3,6.83,3255 3354 3378
F1723,POT_FEN_03,Potelets,Bollards,described_model,49.35188448,5.98995984,low,1.0,good,Bon,False,49.35188448,5.98995984,5,5.37,3255 3294 3327 3354 3378
F1724,POT_FEN_03,Potelets,Bollards,described_model,49.35188733,5.98996363,low,1.0,good,Bon,False,49.35188733,5.98996363,5,4.49,3255 3294 3327 3354 3378
F1725,POT_FEN_03,Potelets,Bollards,described_model,49.35190023,5.98995762,low,1.0,good,Bon,False,49.35190023,5.98995762,5,5.21,3255 3294 3327 3354 3378
F1726,POT_FEN_03,Potelets,Bollards,described_model,49.35190253,5.98996752,low,0.772,good,Bon,False,49.35190253,5.98996752,4,5.31,3210 3255 3294 3327
F1727,RAL01,Ralentisseurs,Speed bumps,shape_subtype,49.34657975,5.98063504,medium,1.0,good,Bon,False,49.34657975,5.98063504,1,14.12,11272
F1728,PUB,Supports publicitaires,Advertising displays,direct_category,49.33488353,5.9812431,medium,1.0,,,False,49.33488353,5.9812431,2,4.02,33947 34010
F1729,PUB,Supports publicitaires,Advertising displays,direct_category,49.34625318,5.98104565,medium,1.0,,,False,49.34625318,5.98104565,2,4.92,16157 16207
F1730,PUB,Supports publicitaires,Advertising displays,direct_category,49.34627292,5.98106057,medium,1.0,,,False,49.34627292,5.98106057,3,3.1,16082 16207 16247
F1731,PUB,Supports publicitaires,Advertising displays,direct_category,49.34628757,5.98110301,medium,1.0,,,False,49.34628757,5.98110301,1,12.9,10672
F1732,PUB,Supports publicitaires,Advertising displays,direct_category,49.34648503,5.98125035,medium,1.0,,,False,49.34648503,5.98125035,1,4.7,10046
F1733,PUB,Supports publicitaires,Advertising displays,direct_category,49.34657568,5.98131046,medium,1.0,,,False,49.34657568,5.98131046,3,3.74,9410 9485 10543
F1734,PUB,Supports publicitaires,Advertising displays,direct_category,49.34657583,5.98123942,medium,1.0,,,False,49.34657583,5.98123942,1,9.89,9366
F1735,PUB,Supports publicitaires,Advertising displays,direct_category,49.34660942,5.98128183,medium,1.0,,,False,49.34660942,5.98128183,1,10.41,9596
